show_id,duration
1,90
2,2
3,1
4,1
5,2
6,1
7,91
8,125
9,9
10,104
11,1
12,1
13,127
14,91
15,1
16,4
17,67
18,2
19,94
20,1
21,1
22,5
23,161
24,61
25,166
26,2
27,147
28,103
29,97
30,106
31,111
32,1
33,3
34,1
35,1
36,110
37,105
38,1
39,96
40,3
41,1
42,124
43,116
44,98
45,91
46,23
47,115
48,1
49,122
50,2
51,1
52,99
53,99
54,88
55,100
56,6
57,102
58,93
59,96
60,95
61,85
62,97
63,95
64,83
65,103
66,6
67,1
68,9
69,113
70,1
71,1
72,13
73,5
74,182
75,2
76,106
77,1
78,48
79,145
80,145
81,93
82,106
83,6
84,1
85,147
86,1
87,87
88,2
89,96
90,4
91,95
92,92
93,2
94,91
95,90
96,3
97,97
98,2
99,1
100,1
101,2
102,80
103,1
104,117
105,2
106,128
107,5
108,90
109,1
110,5
111,1
112,1
113,119
114,110
115,143
116,119
117,114
118,94
119,106
120,99
121,1
122,1
123,118
124,1
125,3
126,1
127,115
128,95
129,115
130,108
131,63
132,117
133,1
134,121
135,142
136,113
137,154
138,95
139,108
140,120
141,100
142,82
143,124
144,114
145,104
146,94
147,94
148,1
149,1
150,93
151,97
152,109
153,88
154,2
155,3
156,101
157,105
158,102
159,101
160,103
161,4
162,106
163,118
164,86
165,121
166,1
167,229
168,76
169,95
170,98
171,89
172,120
173,110
174,83
175,121
176,105
177,94
178,156
179,112
180,95
181,107
182,1
183,114
184,129
185,1
186,86
187,1
188,1
189,97
190,2
191,125
192,107
193,127
194,1
195,1
196,128
197,92
198,1
199,1
200,135
201,124
202,136
203,165
204,124
205,136
206,150
207,112
208,119
209,133
210,142
211,93
212,113
213,2
214,3
215,124
216,116
217,106
218,145
219,1
220,1
221,4
222,93
223,1
224,1
225,1
226,1
227,1
228,95
229,108
230,90
231,86
232,92
233,3
234,82
235,1
236,70
237,122
238,122
239,122
240,122
241,84
242,3
243,1
244,1
245,96
246,1
247,115
248,110
249,1
250,88
251,102
252,91
253,105
254,135
255,5
256,86
257,140
258,133
259,92
260,82
261,1
262,97
263,78
264,2
265,94
266,1
267,1
268,121
269,97
270,2
271,110
272,1
273,5
274,1
275,7
276,1
277,2
278,1
279,64
280,59
281,1
282,101
283,127
284,90
285,114
286,108
287,2
288,1
289,1
290,1
291,70
292,1
293,98
294,86
295,139
296,111
297,1
298,1
299,115
300,102
301,100
302,135
303,69
304,95
305,97
306,124
307,118
308,115
309,115
310,3
311,1
312,2
313,1
314,1
315,104
316,106
317,1
318,102
319,97
320,1
321,1
322,1
323,1
324,7
325,3
326,87
327,88
328,114
329,90
330,142
331,90
332,1
333,105
334,103
335,116
336,113
337,5
338,99
339,6
340,96
341,148
342,189
343,97
344,102
345,99
346,85
347,112
348,91
349,91
350,141
351,130
352,98
353,105
354,101
355,105
356,118
357,97
358,102
359,114
360,111
361,125
362,3
363,76
364,118
365,1
366,103
367,3
368,114
369,1
370,1
371,2
372,95
373,138
374,112
375,94
376,102
377,1
378,92
379,81
380,1
381,7
382,1
383,3
384,143
385,86
386,3
387,4
388,132
389,1
390,117
391,10
392,4
393,165
394,91
395,97
396,97
397,123
398,1
399,94
400,1
401,1
402,2
403,111
404,2
405,85
406,65
407,64
408,68
409,67
410,66
411,64
412,64
413,65
414,64
415,68
416,68
417,64
418,62
419,63
420,69
421,70
422,63
423,68
424,74
425,68
426,5
427,99
428,90
429,87
430,105
431,1
432,1
433,106
434,102
435,1
436,1
437,91
438,88
439,107
440,101
441,3
442,114
443,1
444,123
445,1
446,94
447,105
448,117
449,115
450,124
451,131
452,122
453,113
454,2
455,91
456,100
457,1
458,93
459,90
460,2
461,86
462,100
463,96
464,95
465,115
466,1
467,1
468,100
469,102
470,87
471,39
472,110
473,1
474,93
475,96
476,93
477,93
478,4
479,2
480,111
481,105
482,101
483,1
484,102
485,46
486,89
487,94
488,1
489,3
490,104
491,1
492,97
493,91
494,1
495,106
496,38
497,90
498,1
499,87
500,2
501,138
502,105
503,104
504,2
505,1
506,85
507,92
508,108
509,95
510,3
511,2
512,2
513,4
514,3
515,5
516,2
517,2
518,2
519,105
520,2
521,2
522,5
523,3
524,3
525,2
526,8
527,7
528,2
529,116
530,124
531,2
532,101
533,3
534,3
535,95
536,2
537,3
538,6
539,2
540,2
541,4
542,128
543,143
544,2
545,5
546,3
547,1
548,1
549,17
550,1
551,107
552,136
553,94
554,2
555,136
556,126
557,116
558,100
559,115
560,125
561,39
562,94
563,90
564,95
565,155
566,1
567,98
568,108
569,96
570,117
571,118
572,1
573,103
574,94
575,93
576,115
577,120
578,1
579,145
580,126
581,96
582,101
583,118
584,109
585,89
586,106
587,101
588,1
589,1
590,101
591,3
592,123
593,106
594,89
595,128
596,85
597,89
598,108
599,105
600,133
601,129
602,127
603,113
604,112
605,130
606,100
607,103
608,85
609,124
610,103
611,121
612,89
613,92
614,112
615,114
616,116
617,110
618,1
619,98
620,98
621,1
622,1
623,100
624,90
625,92
626,1
627,1
628,1
629,4
630,82
631,97
632,5
633,90
634,76
635,83
636,101
637,109
638,1
639,1
640,1
641,1
642,97
643,2
644,87
645,94
646,89
647,88
648,1
649,2
650,108
651,96
652,84
653,70
654,1
655,125
656,119
657,105
658,2
659,1
660,1
661,4
662,4
663,1
664,1
665,2
666,2
667,1
668,6
669,3
670,5
671,133
672,140
673,120
674,1
675,2
676,1
677,4
678,6
679,1
680,1
681,1
682,1
683,1
684,135
685,4
686,111
687,2
688,159
689,119
690,139
691,137
692,1
693,1
694,101
695,13
696,12
697,2
698,1
699,101
700,1
701,1
702,96
703,122
704,3
705,95
706,89
707,1
708,1
709,98
710,3
711,1
712,119
713,138
714,1
715,1
716,1
717,104
718,273
719,101
720,1
721,2
722,99
723,84
724,1
725,82
726,1
727,1
728,97
729,89
730,36
731,34
732,2
733,36
734,2
735,2
736,113
737,110
738,1
739,36
740,102
741,86
742,91
743,117
744,99
745,1
746,77
747,97
748,106
749,1
750,2
751,97
752,2
753,104
754,1
755,110
756,61
757,98
758,74
759,2
760,60
761,60
762,1
763,103
764,1
765,94
766,112
767,49
768,1
769,111
770,58
771,72
772,1
773,2
774,78
775,101
776,110
777,94
778,70
779,1
780,118
781,2
782,99
783,103
784,95
785,93
786,3
787,101
788,101
789,89
790,6
791,109
792,104
793,90
794,109
795,145
796,3
797,88
798,132
799,109
800,133
801,85
802,104
803,99
804,1
805,93
806,1
807,204
808,212
809,98
810,101
811,94
812,25
813,99
814,1
815,108
816,106
817,128
818,104
819,127
820,136
821,3
822,97
823,88
824,97
825,97
826,2
827,88
828,103
829,97
830,88
831,3
832,2
833,1
834,1
835,97
836,1
837,118
838,2
839,70
840,91
841,92
842,120
843,1
844,3
845,73
846,110
847,94
848,1
849,3
850,61
851,131
852,131
853,131
854,148
855,29
856,3
857,107
858,2
859,99
860,92
861,91
862,47
863,2
864,88
865,116
866,109
867,92
868,87
869,1
870,2
871,101
872,140
873,89
874,81
875,1
876,116
877,1
878,99
879,107
880,1
881,3
882,107
883,90
884,2
885,1
886,104
887,1
888,100
889,32
890,102
891,4
892,105
893,107
894,64
895,99
896,102
897,1
898,1
899,126
900,119
901,1
902,86
903,1
904,122
905,95
906,104
907,118
908,85
909,1
910,98
911,99
912,2
913,35
914,107
915,97
916,112
917,118
918,109
919,1
920,1
921,2
922,3
923,109
924,2
925,88
926,2
927,97
928,2
929,97
930,99
931,95
932,91
933,115
934,93
935,109
936,96
937,1
938,78
939,87
940,76
941,76
942,71
943,138
944,113
945,94
946,89
947,121
948,127
949,94
950,89
951,136
952,89
953,99
954,93
955,85
956,102
957,101
958,1
959,113
960,128
961,1
962,114
963,85
964,2
965,121
966,1
967,95
968,1
969,1
970,121
971,116
972,91
973,1
974,149
975,113
976,33
977,127
978,101
979,102
980,102
981,107
982,123
983,98
984,95
985,101
986,104
987,104
988,103
989,1
990,111
991,102
992,15
993,54
994,1
995,120
996,106
997,116
998,1
999,58
1000,116
1001,126
1002,86
1003,97
1004,1
1005,2
1006,76
1007,80
1008,81
1009,84
1010,87
1011,91
1012,76
1013,2
1014,132
1015,3
1016,126
1017,101
1018,102
1019,147
1020,224
1021,141
1022,109
1023,162
1024,142
1025,93
1026,1
1027,60
1028,119
1029,37
1030,96
1031,116
1032,102
1033,1
1034,123
1035,102
1036,127
1037,88
1038,106
1039,1
1040,65
1041,1
1042,96
1043,1
1044,7
1045,1
1046,1
1047,88
1048,1
1049,3
1050,1
1051,143
1052,2
1053,137
1054,75
1055,71
1056,103
1057,1
1058,1
1059,1
1060,6
1061,1
1062,1
1063,1
1064,1
1065,1
1066,3
1067,130
1068,1
1069,1
1070,145
1071,84
1072,84
1073,77
1074,86
1075,79
1076,1
1077,80
1078,81
1079,78
1080,1
1081,118
1082,4
1083,1
1084,102
1085,1
1086,132
1087,108
1088,133
1089,107
1090,32
1091,78
1092,1
1093,55
1094,2
1095,1
1096,1
1097,92
1098,86
1099,140
1100,143
1101,88
1102,89
1103,93
1104,97
1105,94
1106,112
1107,100
1108,120
1109,91
1110,98
1111,113
1112,98
1113,91
1114,158
1115,164
1116,133
1117,1
1118,75
1119,103
1120,90
1121,116
1122,96
1123,121
1124,2
1125,101
1126,2
1127,173
1128,2
1129,89
1130,2
1131,182
1132,181
1133,185
1134,99
1135,88
1136,107
1137,114
1138,96
1139,149
1140,102
1141,83
1142,98
1143,83
1144,1
1145,104
1146,111
1147,1
1148,98
1149,2
1150,1
1151,93
1152,73
1153,1
1154,141
1155,116
1156,21
1157,98
1158,87
1159,4
1160,87
1161,95
1162,87
1163,93
1164,1
1165,97
1166,114
1167,1
1168,100
1169,1
1170,1
1171,105
1172,90
1173,60
1174,6
1175,1
1176,98
1177,108
1178,90
1179,102
1180,4
1181,2
1182,1
1183,3
1184,84
1185,120
1186,106
1187,2
1188,115
1189,98
1190,60
1191,113
1192,101
1193,24
1194,51
1195,80
1196,100
1197,1
1198,139
1199,74
1200,131
1201,1
1202,1
1203,131
1204,118
1205,87
1206,1
1207,1
1208,101
1209,97
1210,92
1211,2
1212,136
1213,97
1214,3
1215,103
1216,110
1217,105
1218,1
1219,90
1220,107
1221,92
1222,94
1223,99
1224,1
1225,1
1226,1
1227,1
1228,1
1229,97
1230,1
1231,151
1232,1
1233,108
1234,113
1235,1
1236,4
1237,81
1238,116
1239,1
1240,119
1241,116
1242,112
1243,1
1244,121
1245,115
1246,5
1247,1
1248,182
1249,98
1250,96
1251,42
1252,181
1253,100
1254,22
1255,134
1256,177
1257,94
1258,1
1259,88
1260,119
1261,107
1262,112
1263,35
1264,103
1265,90
1266,120
1267,97
1268,102
1269,1
1270,106
1271,3
1272,1
1273,1
1274,119
1275,1
1276,1
1277,84
1278,2
1279,58
1280,90
1281,109
1282,143
1283,1
1284,112
1285,134
1286,1
1287,123
1288,36
1289,123
1290,58
1291,118
1292,91
1293,76
1294,1
1295,1
1296,97
1297,1
1298,85
1299,1
1300,1
1301,1
1302,1
1303,4
1304,92
1305,139
1306,162
1307,3
1308,92
1309,4
1310,86
1311,1
1312,107
1313,85
1314,1
1315,2
1316,83
1317,104
1318,1
1319,116
1320,87
1321,1
1322,1
1323,91
1324,119
1325,102
1326,86
1327,102
1328,98
1329,1
1330,99
1331,108
1332,1
1333,2
1334,114
1335,104
1336,3
1337,88
1338,104
1339,2
1340,1
1341,123
1342,106
1343,138
1344,113
1345,107
1346,133
1347,97
1348,116
1349,1
1350,1
1351,2
1352,123
1353,2
1354,89
1355,13
1356,1
1357,1
1358,93
1359,139
1360,112
1361,1
1362,1
1363,7
1364,2
1365,101
1366,2
1367,113
1368,89
1369,107
1370,123
1371,113
1372,1
1373,90
1374,1
1375,52
1376,2
1377,127
1378,4
1379,95
1380,121
1381,1
1382,108
1383,102
1384,2
1385,3
1386,1
1387,95
1388,133
1389,127
1390,95
1391,101
1392,123
1393,1
1394,89
1395,1
1396,4
1397,100
1398,108
1399,94
1400,103
1401,1
1402,4
1403,3
1404,105
1405,3
1406,116
1407,92
1408,65
1409,5
1410,115
1411,96
1412,32
1413,102
1414,102
1415,101
1416,71
1417,1
1418,81
1419,98
1420,4
1421,90
1422,112
1423,161
1424,129
1425,85
1426,14
1427,148
1428,5
1429,99
1430,1
1431,1
1432,97
1433,2
1434,101
1435,89
1436,128
1437,76
1438,1
1439,99
1440,1
1441,3
1442,126
1443,1
1444,1
1445,106
1446,101
1447,87
1448,111
1449,3
1450,2
1451,90
1452,91
1453,101
1454,96
1455,96
1456,1
1457,148
1458,1
1459,96
1460,98
1461,2
1462,104
1463,1
1464,1
1465,53
1466,2
1467,54
1468,113
1469,102
1470,118
1471,83
1472,77
1473,116
1474,4
1475,116
1476,106
1477,1
1478,1
1479,1
1480,1
1481,9
1482,105
1483,1
1484,1
1485,8
1486,110
1487,71
1488,1
1489,91
1490,2
1491,46
1492,109
1493,1
1494,102
1495,101
1496,94
1497,110
1498,117
1499,85
1500,119
1501,115
1502,105
1503,68
1504,1
1505,57
1506,1
1507,2
1508,28
1509,1
1510,98
1511,95
1512,96
1513,66
1514,112
1515,1
1516,84
1517,2
1518,94
1519,32
1520,98
1521,1
1522,85
1523,120
1524,83
1525,94
1526,102
1527,111
1528,2
1529,1
1530,90
1531,1
1532,111
1533,1
1534,1
1535,110
1536,1
1537,87
1538,132
1539,1
1540,1
1541,117
1542,1
1543,50
1544,2
1545,106
1546,2
1547,2
1548,2
1549,2
1550,125
1551,107
1552,2
1553,1
1554,59
1555,1
1556,2
1557,28
1558,9
1559,91
1560,1
1561,132
1562,133
1563,1
1564,109
1565,1
1566,107
1567,111
1568,108
1569,105
1570,4
1571,1
1572,119
1573,2
1574,3
1575,1
1576,104
1577,83
1578,90
1579,1
1580,3
1581,79
1582,24
1583,115
1584,1
1585,97
1586,1
1587,1
1588,1
1589,26
1590,1
1591,4
1592,46
1593,106
1594,1
1595,113
1596,133
1597,3
1598,93
1599,108
1600,96
1601,25
1602,101
1603,106
1604,1
1605,54
1606,2
1607,118
1608,58
1609,117
1610,48
1611,139
1612,2
1613,115
1614,109
1615,1
1616,2
1617,91
1618,60
1619,4
1620,1
1621,102
1622,120
1623,10
1624,1
1625,149
1626,1
1627,91
1628,1
1629,1
1630,99
1631,106
1632,108
1633,45
1634,93
1635,1
1636,22
1637,81
1638,98
1639,1
1640,7
1641,1
1642,2
1643,100
1644,112
1645,114
1646,68
1647,103
1648,121
1649,95
1650,2
1651,87
1652,115
1653,171
1654,171
1655,1
1656,46
1657,117
1658,84
1659,1
1660,98
1661,83
1662,1
1663,97
1664,99
1665,108
1666,93
1667,42
1668,3
1669,1
1670,13
1671,1
1672,64
1673,1
1674,162
1675,130
1676,108
1677,129
1678,105
1679,133
1680,142
1681,128
1682,97
1683,107
1684,135
1685,1
1686,84
1687,70
1688,4
1689,1
1690,124
1691,102
1692,84
1693,2
1694,1
1695,95
1696,84
1697,2
1698,2
1699,4
1700,120
1701,87
1702,9
1703,75
1704,124
1705,92
1706,95
1707,1
1708,107
1709,1
1710,123
1711,85
1712,1
1713,150
1714,97
1715,88
1716,1
1717,1
1718,1
1719,1
1720,74
1721,93
1722,1
1723,1
1724,1
1725,1
1726,151
1727,1
1728,82
1729,148
1730,95
1731,1
1732,90
1733,103
1734,1
1735,87
1736,102
1737,96
1738,1
1739,87
1740,86
1741,1
1742,136
1743,60
1744,127
1745,96
1746,15
1747,2
1748,100
1749,1
1750,87
1751,6
1752,28
1753,27
1754,90
1755,1
1756,3
1757,1
1758,1
1759,2
1760,10
1761,1
1762,102
1763,94
1764,81
1765,134
1766,4
1767,1
1768,114
1769,107
1770,2
1771,107
1772,1
1773,130
1774,1
1775,87
1776,93
1777,114
1778,91
1779,2
1780,7
1781,116
1782,4
1783,3
1784,93
1785,106
1786,105
1787,50
1788,93
1789,103
1790,114
1791,1
1792,4
1793,95
1794,50
1795,1
1796,150
1797,100
1798,117
1799,87
1800,1
1801,1
1802,100
1803,86
1804,1
1805,1
1806,102
1807,87
1808,103
1809,112
1810,120
1811,111
1812,78
1813,51
1814,3
1815,123
1816,46
1817,102
1818,106
1819,112
1820,101
1821,96
1822,103
1823,94
1824,69
1825,81
1826,76
1827,108
1828,94
1829,2
1830,106
1831,98
1832,93
1833,99
1834,93
1835,1
1836,82
1837,107
1838,1
1839,104
1840,1
1841,1
1842,3
1843,130
1844,83
1845,99
1846,77
1847,94
1848,4
1849,4
1850,118
1851,87
1852,5
1853,2
1854,42
1855,1
1856,101
1857,80
1858,110
1859,117
1860,47
1861,1
1862,165
1863,134
1864,140
1865,3
1866,150
1867,156
1868,86
1869,1
1870,126
1871,100
1872,25
1873,124
1874,1
1875,100
1876,1
1877,106
1878,1
1879,7
1880,104
1881,1
1882,96
1883,90
1884,33
1885,81
1886,1
1887,84
1888,44
1889,115
1890,1
1891,1
1892,94
1893,22
1894,1
1895,1
1896,3
1897,107
1898,115
1899,93
1900,107
1901,86
1902,112
1903,102
1904,91
1905,83
1906,73
1907,1
1908,1
1909,2
1910,139
1911,1
1912,95
1913,101
1914,75
1915,1
1916,1
1917,87
1918,1
1919,3
1920,91
1921,120
1922,123
1923,5
1924,1
1925,95
1926,1
1927,84
1928,29
1929,3
1930,4
1931,28
1932,122
1933,28
1934,8
1935,98
1936,59
1937,80
1938,103
1939,104
1940,146
1941,135
1942,129
1943,115
1944,143
1945,173
1946,129
1947,149
1948,1
1949,4
1950,4
1951,98
1952,1
1953,3
1954,115
1955,1
1956,1
1957,44
1958,127
1959,4
1960,124
1961,85
1962,1
1963,20
1964,102
1965,129
1966,124
1967,118
1968,111
1969,125
1970,94
1971,130
1972,117
1973,137
1974,1
1975,139
1976,111
1977,103
1978,120
1979,1
1980,1
1981,7
1982,98
1983,130
1984,1
1985,96
1986,61
1987,137
1988,90
1989,1
1990,3
1991,1
1992,2
1993,69
1994,2
1995,1
1996,139
1997,94
1998,92
1999,9
2000,80
2001,63
2002,88
2003,2
2004,105
2005,93
2006,140
2007,2
2008,103
2009,2
2010,8
2011,102
2012,93
2013,1
2014,1
2015,69
2016,133
2017,157
2018,116
2019,112
2020,96
2021,127
2022,5
2023,1
2024,130
2025,93
2026,138
2027,138
2028,92
2029,110
2030,102
2031,113
2032,96
2033,1
2034,1
2035,108
2036,94
2037,99
2038,1
2039,86
2040,98
2041,2
2042,111
2043,1
2044,97
2045,1
2046,135
2047,93
2048,2
2049,94
2050,117
2051,63
2052,73
2053,91
2054,1
2055,1
2056,93
2057,101
2058,93
2059,1
2060,96
2061,112
2062,72
2063,2
2064,1
2065,3
2066,112
2067,1
2068,72
2069,1
2070,4
2071,1
2072,92
2073,109
2074,6
2075,155
2076,109
2077,115
2078,97
2079,1
2080,103
2081,2
2082,24
2083,110
2084,97
2085,94
2086,1
2087,1
2088,107
2089,97
2090,3
2091,103
2092,88
2093,111
2094,1
2095,94
2096,33
2097,1
2098,107
2099,1
2100,2
2101,110
2102,1
2103,1
2104,98
2105,81
2106,1
2107,3
2108,104
2109,1
2110,17
2111,121
2112,100
2113,1
2114,1
2115,70
2116,97
2117,75
2118,102
2119,2
2120,88
2121,158
2122,102
2123,2
2124,1
2125,5
2126,2
2127,203
2128,4
2129,59
2130,92
2131,104
2132,72
2133,113
2134,1
2135,1
2136,4
2137,1
2138,93
2139,119
2140,105
2141,1
2142,113
2143,93
2144,44
2145,1
2146,2
2147,110
2148,113
2149,1
2150,90
2151,82
2152,3
2153,3
2154,1
2155,69
2156,46
2157,1
2158,1
2159,1
2160,94
2161,5
2162,72
2163,3
2164,95
2165,101
2166,1
2167,21
2168,71
2169,1
2170,64
2171,1
2172,92
2173,80
2174,6
2175,1
2176,1
2177,104
2178,25
2179,1
2180,111
2181,1
2182,2
2183,72
2184,99
2185,1
2186,83
2187,150
2188,108
2189,44
2190,3
2191,2
2192,102
2193,1
2194,137
2195,1
2196,112
2197,102
2198,103
2199,136
2200,41
2201,88
2202,5
2203,84
2204,10
2205,114
2206,110
2207,103
2208,106
2209,46
2210,115
2211,140
2212,124
2213,1
2214,133
2215,1
2216,91
2217,30
2218,1
2219,3
2220,67
2221,105
2222,58
2223,1
2224,1
2225,87
2226,1
2227,1
2228,1
2229,100
2230,2
2231,1
2232,95
2233,90
2234,102
2235,98
2236,1
2237,68
2238,1
2239,2
2240,104
2241,89
2242,1
2243,62
2244,86
2245,104
2246,1
2247,1
2248,101
2249,17
2250,1
2251,126
2252,1
2253,120
2254,1
2255,4
2256,1
2257,89
2258,96
2259,1
2260,91
2261,86
2262,67
2263,89
2264,65
2265,151
2266,116
2267,110
2268,123
2269,139
2270,95
2271,121
2272,127
2273,162
2274,128
2275,112
2276,1
2277,125
2278,128
2279,120
2280,86
2281,107
2282,129
2283,135
2284,97
2285,125
2286,162
2287,136
2288,138
2289,126
2290,137
2291,114
2292,96
2293,2
2294,6
2295,107
2296,89
2297,94
2298,1
2299,1
2300,1
2301,148
2302,1
2303,82
2304,1
2305,95
2306,1
2307,1
2308,1
2309,120
2310,115
2311,107
2312,105
2313,134
2314,1
2315,128
2316,103
2317,96
2318,114
2319,1
2320,102
2321,1
2322,52
2323,1
2324,86
2325,104
2326,76
2327,135
2328,3
2329,99
2330,1
2331,124
2332,1
2333,117
2334,107
2335,111
2336,116
2337,135
2338,1
2339,126
2340,164
2341,166
2342,104
2343,94
2344,1
2345,92
2346,52
2347,2
2348,112
2349,90
2350,1
2351,101
2352,84
2353,2
2354,112
2355,136
2356,108
2357,110
2358,1
2359,93
2360,2
2361,90
2362,130
2363,2
2364,128
2365,104
2366,131
2367,109
2368,129
2369,73
2370,104
2371,48
2372,114
2373,86
2374,194
2375,76
2376,116
2377,130
2378,85
2379,2
2380,108
2381,81
2382,76
2383,92
2384,2
2385,85
2386,85
2387,108
2388,120
2389,4
2390,117
2391,6
2392,100
2393,101
2394,156
2395,2
2396,4
2397,1
2398,55
2399,96
2400,4
2401,1
2402,1
2403,104
2404,101
2405,1
2406,5
2407,1
2408,113
2409,1
2410,1
2411,126
2412,98
2413,114
2414,132
2415,92
2416,4
2417,90
2418,4
2419,86
2420,103
2421,114
2422,115
2423,5
2424,15
2425,149
2426,96
2427,3
2428,102
2429,105
2430,114
2431,94
2432,83
2433,1
2434,106
2435,116
2436,109
2437,97
2438,100
2439,116
2440,111
2441,24
2442,95
2443,135
2444,95
2445,2
2446,92
2447,100
2448,1
2449,80
2450,1
2451,3
2452,98
2453,1
2454,1
2455,104
2456,98
2457,104
2458,99
2459,68
2460,1
2461,106
2462,2
2463,1
2464,71
2465,80
2466,116
2467,4
2468,112
2469,73
2470,110
2471,5
2472,135
2473,1
2474,3
2475,128
2476,93
2477,1
2478,149
2479,54
2480,87
2481,2
2482,102
2483,177
2484,204
2485,233
2486,98
2487,1
2488,237
2489,230
2490,173
2491,195
2492,253
2493,157
2494,97
2495,85
2496,1
2497,94
2498,80
2499,94
2500,1
2501,92
2502,105
2503,120
2504,96
2505,107
2506,93
2507,101
2508,1
2509,1
2510,110
2511,112
2512,93
2513,109
2514,105
2515,1
2516,6
2517,97
2518,1
2519,1
2520,3
2521,91
2522,88
2523,1
2524,6
2525,3
2526,1
2527,5
2528,1
2529,1
2530,2
2531,1
2532,109
2533,118
2534,109
2535,131
2536,91
2537,152
2538,67
2539,72
2540,83
2541,90
2542,106
2543,1
2544,190
2545,129
2546,160
2547,3
2548,86
2549,1
2550,92
2551,114
2552,2
2553,2
2554,1
2555,2
2556,90
2557,94
2558,2
2559,86
2560,89
2561,107
2562,61
2563,93
2564,81
2565,120
2566,1
2567,94
2568,91
2569,1
2570,1
2571,104
2572,76
2573,90
2574,103
2575,1
2576,1
2577,122
2578,97
2579,98
2580,42
2581,1
2582,90
2583,91
2584,4
2585,94
2586,3
2587,1
2588,107
2589,1
2590,143
2591,1
2592,105
2593,116
2594,23
2595,23
2596,23
2597,105
2598,97
2599,1
2600,7
2601,5
2602,105
2603,1
2604,1
2605,83
2606,109
2607,1
2608,111
2609,97
2610,1
2611,132
2612,2
2613,102
2614,107
2615,100
2616,115
2617,104
2618,110
2619,100
2620,111
2621,108
2622,104
2623,116
2624,106
2625,96
2626,140
2627,107
2628,1
2629,4
2630,138
2631,132
2632,1
2633,208
2634,105
2635,101
2636,124
2637,93
2638,110
2639,115
2640,1
2641,2
2642,1
2643,107
2644,1
2645,72
2646,1
2647,107
2648,95
2649,3
2650,180
2651,135
2652,1
2653,87
2654,94
2655,105
2656,93
2657,92
2658,1
2659,5
2660,1
2661,1
2662,1
2663,1
2664,144
2665,1
2666,1
2667,1
2668,101
2669,81
2670,2
2671,1
2672,95
2673,119
2674,121
2675,88
2676,2
2677,3
2678,106
2679,119
2680,63
2681,82
2682,95
2683,93
2684,120
2685,1
2686,147
2687,55
2688,107
2689,92
2690,85
2691,98
2692,1
2693,92
2694,101
2695,112
2696,103
2697,1
2698,91
2699,2
2700,1
2701,96
2702,104
2703,66
2704,83
2705,111
2706,90
2707,121
2708,121
2709,2
2710,88
2711,2
2712,57
2713,107
2714,5
2715,91
2716,174
2717,155
2718,87
2719,6
2720,77
2721,142
2722,170
2723,165
2724,161
2725,144
2726,149
2727,135
2728,1
2729,131
2730,126
2731,192
2732,209
2733,187
2734,138
2735,185
2736,143
2737,3
2738,97
2739,172
2740,3
2741,6
2742,103
2743,2
2744,1
2745,83
2746,107
2747,3
2748,114
2749,2
2750,93
2751,85
2752,1
2753,1
2754,85
2755,131
2756,101
2757,107
2758,84
2759,104
2760,1
2761,160
2762,1
2763,103
2764,46
2765,2
2766,1
2767,112
2768,3
2769,83
2770,72
2771,24
2772,104
2773,1
2774,72
2775,2
2776,113
2777,21
2778,1
2779,100
2780,108
2781,99
2782,104
2783,70
2784,1
2785,1
2786,2
2787,93
2788,2
2789,2
2790,95
2791,4
2792,1
2793,1
2794,1
2795,1
2796,1
2797,109
2798,1
2799,91
2800,75
2801,100
2802,95
2803,1
2804,113
2805,1
2806,91
2807,62
2808,1
2809,1
2810,93
2811,135
2812,23
2813,23
2814,1
2815,23
2816,101
2817,1
2818,98
2819,1
2820,103
2821,106
2822,2
2823,95
2824,132
2825,1
2826,2
2827,3
2828,1
2829,82
2830,71
2831,16
2832,104
2833,79
2834,120
2835,82
2836,115
2837,111
2838,110
2839,2
2840,121
2841,162
2842,1
2843,108
2844,186
2845,116
2846,154
2847,4
2848,105
2849,71
2850,61
2851,133
2852,98
2853,119
2854,61
2855,1
2856,3
2857,130
2858,1
2859,11
2860,87
2861,127
2862,87
2863,88
2864,158
2865,82
2866,93
2867,90
2868,109
2869,2
2870,72
2871,1
2872,1
2873,1
2874,162
2875,2
2876,1
2877,98
2878,1
2879,103
2880,97
2881,1
2882,94
2883,101
2884,1
2885,138
2886,109
2887,50
2888,110
2889,1
2890,92
2891,1
2892,1
2893,1
2894,1
2895,1
2896,120
2897,101
2898,116
2899,117
2900,95
2901,1
2902,93
2903,1
2904,122
2905,102
2906,96
2907,1
2908,93
2909,93
2910,72
2911,1
2912,87
2913,95
2914,33
2915,113
2916,118
2917,171
2918,1
2919,100
2920,103
2921,1
2922,2
2923,1
2924,1
2925,86
2926,102
2927,2
2928,81
2929,101
2930,73
2931,96
2932,4
2933,106
2934,88
2935,103
2936,139
2937,89
2938,2
2939,2
2940,104
2941,124
2942,1
2943,1
2944,112
2945,1
2946,1
2947,70
2948,8
2949,1
2950,106
2951,97
2952,106
2953,60
2954,3
2955,148
2956,122
2957,86
2958,193
2959,1
2960,1
2961,92
2962,94
2963,5
2964,82
2965,59
2966,1
2967,1
2968,1
2969,89
2970,176
2971,116
2972,2
2973,86
2974,93
2975,1
2976,85
2977,2
2978,1
2979,62
2980,1
2981,1
2982,112
2983,1
2984,1
2985,1
2986,121
2987,133
2988,76
2989,82
2990,156
2991,90
2992,1
2993,2
2994,1
2995,8
2996,97
2997,51
2998,1
2999,2
3000,1
3001,1
3002,1
3003,98
3004,61
3005,116
3006,1
3007,132
3008,17
3009,91
3010,121
3011,1
3012,4
3013,1
3014,2
3015,78
3016,1
3017,95
3018,86
3019,132
3020,107
3021,1
3022,122
3023,95
3024,108
3025,1
3026,99
3027,103
3028,66
3029,1
3030,132
3031,1
3032,56
3033,128
3034,1
3035,1
3036,4
3037,1
3038,1
3039,119
3040,2
3041,1
3042,97
3043,1
3044,92
3045,102
3046,1
3047,90
3048,3
3049,129
3050,1
3051,1
3052,106
3053,1
3054,1
3055,105
3056,1
3057,1
3058,78
3059,79
3060,78
3061,145
3062,71
3063,83
3064,1
3065,81
3066,1
3067,2
3068,1
3069,119
3070,98
3071,102
3072,1
3073,88
3074,97
3075,1
3076,1
3077,1
3078,110
3079,85
3080,1
3081,90
3082,89
3083,3
3084,1
3085,1
3086,2
3087,2
3088,1
3089,1
3090,120
3091,102
3092,73
3093,1
3094,103
3095,79
3096,1
3097,2
3098,97
3099,91
3100,96
3101,103
3102,95
3103,83
3104,2
3105,117
3106,70
3107,2
3108,90
3109,6
3110,86
3111,86
3112,1
3113,113
3114,82
3115,141
3116,107
3117,126
3118,1
3119,25
3120,1
3121,2
3122,1
3123,1
3124,63
3125,136
3126,120
3127,134
3128,1
3129,2
3130,1
3131,1
3132,185
3133,174
3134,169
3135,148
3136,135
3137,135
3138,1
3139,89
3140,119
3141,98
3142,135
3143,185
3144,156
3145,104
3146,139
3147,2
3148,140
3149,3
3150,154
3151,129
3152,99
3153,100
3154,110
3155,107
3156,95
3157,89
3158,65
3159,143
3160,101
3161,60
3162,29
3163,92
3164,172
3165,97
3166,1
3167,108
3168,107
3169,5
3170,137
3171,106
3172,115
3173,46
3174,1
3175,2
3176,1
3177,1
3178,1
3179,92
3180,93
3181,85
3182,24
3183,1
3184,2
3185,1
3186,1
3187,56
3188,1
3189,86
3190,127
3191,93
3192,94
3193,4
3194,120
3195,108
3196,135
3197,111
3198,134
3199,137
3200,2
3201,103
3202,133
3203,95
3204,126
3205,1
3206,67
3207,135
3208,106
3209,2
3210,107
3211,81
3212,107
3213,2
3214,118
3215,110
3216,104
3217,1
3218,93
3219,94
3220,1
3221,1
3222,1
3223,1
3224,137
3225,134
3226,69
3227,106
3228,209
3229,86
3230,24
3231,2
3232,46
3233,1
3234,117
3235,87
3236,121
3237,1
3238,97
3239,1
3240,121
3241,56
3242,2
3243,1
3244,1
3245,119
3246,1
3247,3
3248,8
3249,93
3250,1
3251,86
3252,134
3253,1
3254,28
3255,131
3256,1
3257,78
3258,1
3259,1
3260,93
3261,84
3262,107
3263,101
3264,1
3265,107
3266,74
3267,60
3268,143
3269,105
3270,1
3271,1
3272,2
3273,110
3274,98
3275,1
3276,2
3277,1
3278,1
3279,74
3280,1
3281,46
3282,1
3283,3
3284,2
3285,1
3286,54
3287,1
3288,1
3289,2
3290,59
3291,100
3292,1
3293,88
3294,3
3295,1
3296,1
3297,93
3298,94
3299,2
3300,121
3301,78
3302,1
3303,116
3304,87
3305,2
3306,61
3307,2
3308,98
3309,123
3310,85
3311,3
3312,78
3313,103
3314,1
3315,44
3316,68
3317,1
3318,68
3319,69
3320,81
3321,69
3322,68
3323,68
3324,86
3325,40
3326,3
3327,94
3328,1
3329,1
3330,90
3331,4
3332,112
3333,101
3334,2
3335,119
3336,40
3337,2
3338,86
3339,92
3340,2
3341,1
3342,2
3343,1
3344,91
3345,2
3346,3
3347,36
3348,141
3349,107
3350,97
3351,24
3352,1
3353,1
3354,89
3355,65
3356,2
3357,1
3358,1
3359,1
3360,126
3361,1
3362,1
3363,63
3364,1
3365,14
3366,28
3367,20
3368,1
3369,1
3370,6
3371,1
3372,106
3373,118
3374,1
3375,127
3376,1
3377,61
3378,1
3379,1
3380,86
3381,94
3382,1
3383,1
3384,82
3385,92
3386,1
3387,52
3388,108
3389,67
3390,91
3391,66
3392,118
3393,87
3394,1
3395,47
3396,56
3397,61
3398,34
3399,98
3400,99
3401,1
3402,2
3403,95
3404,1
3405,1
3406,100
3407,2
3408,101
3409,86
3410,96
3411,2
3412,99
3413,112
3414,127
3415,2
3416,1
3417,1
3418,22
3419,78
3420,63
3421,1
3422,97
3423,86
3424,1
3425,62
3426,96
3427,1
3428,104
3429,123
3430,100
3431,2
3432,99
3433,151
3434,2
3435,102
3436,1
3437,154
3438,1
3439,106
3440,87
3441,1
3442,70
3443,46
3444,101
3445,1
3446,1
3447,109
3448,100
3449,110
3450,2
3451,102
3452,102
3453,5
3454,1
3455,2
3456,3
3457,24
3458,1
3459,1
3460,98
3461,76
3462,1
3463,1
3464,1
3465,1
3466,90
3467,1
3468,1
3469,59
3470,58
3471,1
3472,64
3473,79
3474,1
3475,1
3476,81
3477,81
3478,5
3479,64
3480,45
3481,90
3482,1
3483,102
3484,3
3485,116
3486,42
3487,133
3488,108
3489,1
3490,2
3491,38
3492,3
3493,146
3494,146
3495,106
3496,58
3497,152
3498,87
3499,121
3500,1
3501,83
3502,1
3503,1
3504,1
3505,2
3506,1
3507,1
3508,111
3509,24
3510,171
3511,1
3512,88
3513,76
3514,64
3515,94
3516,1
3517,157
3518,83
3519,65
3520,1
3521,105
3522,1
3523,107
3524,103
3525,1
3526,1
3527,1
3528,1
3529,67
3530,96
3531,125
3532,142
3533,133
3534,100
3535,1
3536,10
3537,128
3538,93
3539,81
3540,1
3541,3
3542,9
3543,82
3544,1
3545,47
3546,95
3547,1
3548,84
3549,91
3550,102
3551,1
3552,1
3553,1
3554,3
3555,100
3556,98
3557,110
3558,85
3559,2
3560,66
3561,92
3562,3
3563,2
3564,133
3565,135
3566,120
3567,118
3568,110
3569,98
3570,98
3571,98
3572,1
3573,104
3574,63
3575,52
3576,1
3577,1
3578,1
3579,1
3580,1
3581,72
3582,2
3583,117
3584,100
3585,24
3586,1
3587,86
3588,1
3589,1
3590,2
3591,1
3592,69
3593,1
3594,119
3595,123
3596,93
3597,109
3598,2
3599,1
3600,66
3601,3
3602,5
3603,107
3604,46
3605,1
3606,1
3607,1
3608,1
3609,5
3610,1
3611,1
3612,1
3613,1
3614,1
3615,1
3616,1
3617,117
3618,67
3619,114
3620,67
3621,77
3622,105
3623,63
3624,59
3625,2
3626,102
3627,81
3628,1
3629,84
3630,101
3631,116
3632,177
3633,1
3634,2
3635,130
3636,59
3637,1
3638,111
3639,100
3640,77
3641,2
3642,93
3643,1
3644,114
3645,3
3646,58
3647,56
3648,110
3649,98
3650,106
3651,102
3652,1
3653,81
3654,6
3655,3
3656,1
3657,1
3658,98
3659,136
3660,3
3661,1
3662,161
3663,32
3664,1
3665,1
3666,1
3667,1
3668,2
3669,105
3670,3
3671,106
3672,1
3673,90
3674,1
3675,1
3676,87
3677,91
3678,1
3679,106
3680,65
3681,3
3682,105
3683,1
3684,40
3685,2
3686,3
3687,1
3688,2
3689,1
3690,1
3691,1
3692,1
3693,2
3694,66
3695,1
3696,1
3697,1
3698,61
3699,122
3700,141
3701,2
3702,176
3703,3
3704,73
3705,1
3706,2
3707,87
3708,2
3709,3
3710,15
3711,1
3712,55
3713,141
3714,122
3715,109
3716,63
3717,2
3718,96
3719,113
3720,1
3721,69
3722,2
3723,2
3724,2
3725,1
3726,3
3727,2
3728,2
3729,87
3730,116
3731,116
3732,110
3733,122
3734,59
3735,88
3736,91
3737,2
3738,1
3739,40
3740,113
3741,90
3742,1
3743,1
3744,1
3745,1
3746,1
3747,2
3748,95
3749,2
3750,5
3751,1
3752,2
3753,3
3754,98
3755,1
3756,1
3757,61
3758,117
3759,60
3760,142
3761,1
3762,74
3763,3
3764,119
3765,114
3766,125
3767,71
3768,110
3769,127
3770,1
3771,1
3772,118
3773,90
3774,130
3775,5
3776,12
3777,62
3778,3
3779,3
3780,1
3781,1
3782,114
3783,1
3784,128
3785,2
3786,109
3787,109
3788,2
3789,101
3790,1
3791,103
3792,98
3793,1
3794,123
3795,1
3796,38
3797,1
3798,101
3799,99
3800,2
3801,91
3802,1
3803,30
3804,30
3805,137
3806,66
3807,2
3808,2
3809,1
3810,70
3811,87
3812,88
3813,1
3814,90
3815,84
3816,53
3817,87
3818,2
3819,90
3820,96
3821,94
3822,1
3823,108
3824,1
3825,1
3826,102
3827,1
3828,61
3829,94
3830,70
3831,88
3832,1
3833,100
3834,111
3835,128
3836,3
3837,98
3838,1
3839,2
3840,1
3841,1
3842,104
3843,126
3844,1
3845,1
3846,1
3847,1
3848,1
3849,1
3850,1
3851,1
3852,1
3853,1
3854,1
3855,1
3856,1
3857,1
3858,86
3859,125
3860,40
3861,1
3862,2
3863,79
3864,110
3865,1
3866,128
3867,110
3868,1
3869,116
3870,119
3871,2
3872,90
3873,88
3874,104
3875,140
3876,92
3877,1
3878,64
3879,1
3880,1
3881,1
3882,1
3883,1
3884,1
3885,3
3886,119
3887,5
3888,1
3889,91
3890,122
3891,125
3892,49
3893,1
3894,1
3895,168
3896,98
3897,77
3898,1
3899,1
3900,102
3901,1
3902,1
3903,2
3904,92
3905,111
3906,113
3907,54
3908,138
3909,123
3910,59
3911,102
3912,141
3913,95
3914,111
3915,131
3916,116
3917,119
3918,146
3919,101
3920,87
3921,4
3922,94
3923,133
3924,135
3925,61
3926,1
3927,91
3928,7
3929,1
3930,59
3931,91
3932,1
3933,131
3934,170
3935,1
3936,88
3937,3
3938,2
3939,1
3940,170
3941,1
3942,1
3943,3
3944,8
3945,1
3946,92
3947,1
3948,59
3949,126
3950,1
3951,120
3952,76
3953,60
3954,1
3955,103
3956,124
3957,1
3958,91
3959,1
3960,88
3961,81
3962,1
3963,124
3964,102
3965,1
3966,3
3967,132
3968,87
3969,1
3970,1
3971,3
3972,2
3973,75
3974,126
3975,61
3976,126
3977,1
3978,108
3979,100
3980,1
3981,1
3982,1
3983,129
3984,71
3985,1
3986,108
3987,2
3988,60
3989,1
3990,1
3991,105
3992,115
3993,118
3994,130
3995,115
3996,69
3997,1
3998,97
3999,1
4000,61
4001,92
4002,1
4003,108
4004,104
4005,65
4006,106
4007,1
4008,69
4009,97
4010,80
4011,85
4012,98
4013,1
4014,115
4015,2
4016,1
4017,1
4018,117
4019,132
4020,127
4021,125
4022,128
4023,1
4024,1
4025,126
4026,58
4027,1
4028,1
4029,3
4030,1
4031,1
4032,116
4033,1
4034,90
4035,111
4036,1
4037,100
4038,99
4039,105
4040,128
4041,91
4042,127
4043,1
4044,2
4045,1
4046,94
4047,124
4048,103
4049,118
4050,162
4051,89
4052,89
4053,108
4054,103
4055,1
4056,2
4057,1
4058,1
4059,87
4060,93
4061,90
4062,131
4063,114
4064,3
4065,107
4066,97
4067,103
4068,125
4069,130
4070,119
4071,110
4072,120
4073,102
4074,125
4075,127
4076,121
4077,113
4078,118
4079,132
4080,1
4081,61
4082,80
4083,110
4084,70
4085,6
4086,117
4087,89
4088,84
4089,131
4090,2
4091,2
4092,139
4093,42
4094,79
4095,96
4096,114
4097,99
4098,111
4099,112
4100,96
4101,103
4102,104
4103,102
4104,97
4105,1
4106,1
4107,132
4108,120
4109,137
4110,1
4111,82
4112,1
4113,115
4114,130
4115,3
4116,62
4117,2
4118,26
4119,1
4120,2
4121,91
4122,63
4123,3
4124,74
4125,136
4126,1
4127,1
4128,1
4129,59
4130,1
4131,1
4132,1
4133,1
4134,91
4135,93
4136,84
4137,100
4138,51
4139,22
4140,22
4141,22
4142,2
4143,1
4144,1
4145,1
4146,24
4147,113
4148,110
4149,120
4150,1
4151,56
4152,127
4153,74
4154,91
4155,137
4156,86
4157,106
4158,125
4159,114
4160,143
4161,121
4162,119
4163,1
4164,5
4165,150
4166,88
4167,1
4168,4
4169,1
4170,105
4171,119
4172,1
4173,1
4174,96
4175,1
4176,95
4177,98
4178,96
4179,2
4180,1
4181,96
4182,90
4183,97
4184,3
4185,1
4186,90
4187,88
4188,105
4189,127
4190,1
4191,125
4192,116
4193,102
4194,65
4195,106
4196,117
4197,1
4198,136
4199,104
4200,1
4201,2
4202,4
4203,2
4204,65
4205,91
4206,99
4207,4
4208,1
4209,91
4210,117
4211,95
4212,101
4213,102
4214,122
4215,95
4216,1
4217,1
4218,92
4219,3
4220,111
4221,13
4222,115
4223,61
4224,97
4225,120
4226,148
4227,2
4228,1
4229,48
4230,28
4231,34
4232,61
4233,56
4234,81
4235,68
4236,58
4237,100
4238,50
4239,49
4240,71
4241,29
4242,108
4243,125
4244,100
4245,30
4246,30
4247,146
4248,127
4249,46
4250,57
4251,1
4252,1
4253,122
4254,312
4255,1
4256,109
4257,1
4258,1
4259,73
4260,96
4261,1
4262,1
4263,1
4264,1
4265,5
4266,1
4267,1
4268,105
4269,124
4270,1
4271,2
4272,1
4273,1
4274,1
4275,1
4276,105
4277,1
4278,78
4279,22
4280,2
4281,95
4282,82
4283,89
4284,90
4285,1
4286,85
4287,29
4288,137
4289,1
4290,27
4291,1
4292,112
4293,112
4294,153
4295,123
4296,90
4297,2
4298,84
4299,78
4300,79
4301,73
4302,83
4303,83
4304,145
4305,1
4306,1
4307,135
4308,1
4309,1
4310,1
4311,3
4312,8
4313,1
4314,35
4315,68
4316,96
4317,1
4318,110
4319,58
4320,105
4321,2
4322,1
4323,59
4324,28
4325,98
4326,63
4327,2
4328,1
4329,155
4330,122
4331,87
4332,73
4333,98
4334,130
4335,105
4336,110
4337,81
4338,115
4339,113
4340,146
4341,1
4342,118
4343,109
4344,117
4345,23
4346,95
4347,124
4348,90
4349,96
4350,96
4351,1
4352,93
4353,30
4354,1
4355,82
4356,127
4357,1
4358,114
4359,119
4360,2
4361,101
4362,96
4363,1
4364,1
4365,44
4366,3
4367,1
4368,2
4369,2
4370,104
4371,91
4372,1
4373,1
4374,91
4375,114
4376,91
4377,1
4378,64
4379,89
4380,1
4381,1
4382,1
4383,95
4384,94
4385,2
4386,133
4387,102
4388,1
4389,122
4390,1
4391,86
4392,111
4393,111
4394,136
4395,121
4396,119
4397,115
4398,128
4399,92
4400,1
4401,1
4402,99
4403,106
4404,1
4405,122
4406,1
4407,1
4408,2
4409,1
4410,1
4411,1
4412,129
4413,90
4414,7
4415,116
4416,1
4417,59
4418,95
4419,122
4420,98
4421,117
4422,95
4423,146
4424,136
4425,91
4426,123
4427,144
4428,121
4429,91
4430,158
4431,2
4432,157
4433,124
4434,106
4435,92
4436,80
4437,3
4438,126
4439,129
4440,133
4441,109
4442,143
4443,140
4444,150
4445,128
4446,120
4447,154
4448,45
4449,132
4450,126
4451,95
4452,135
4453,139
4454,131
4455,118
4456,129
4457,131
4458,146
4459,123
4460,141
4461,93
4462,1
4463,91
4464,106
4465,131
4466,95
4467,104
4468,126
4469,118
4470,2
4471,94
4472,100
4473,126
4474,90
4475,87
4476,97
4477,1
4478,115
4479,1
4480,2
4481,93
4482,138
4483,74
4484,1
4485,102
4486,3
4487,104
4488,1
4489,1
4490,1
4491,51
4492,50
4493,86
4494,140
4495,2
4496,3
4497,122
4498,23
4499,4
4500,95
4501,121
4502,1
4503,131
4504,2
4505,5
4506,63
4507,150
4508,159
4509,1
4510,131
4511,130
4512,2
4513,99
4514,86
4515,1
4516,106
4517,57
4518,1
4519,1
4520,97
4521,1
4522,1
4523,144
4524,1
4525,110
4526,57
4527,119
4528,4
4529,94
4530,1
4531,1
4532,1
4533,89
4534,124
4535,25
4536,1
4537,1
4538,121
4539,88
4540,111
4541,81
4542,64
4543,1
4544,55
4545,137
4546,56
4547,58
4548,80
4549,94
4550,1
4551,1
4552,4
4553,94
4554,1
4555,72
4556,60
4557,140
4558,91
4559,97
4560,146
4561,118
4562,128
4563,137
4564,145
4565,141
4566,106
4567,135
4568,137
4569,129
4570,99
4571,1
4572,155
4573,142
4574,214
4575,137
4576,128
4577,151
4578,121
4579,101
4580,145
4581,147
4582,90
4583,129
4584,129
4585,136
4586,117
4587,150
4588,134
4589,100
4590,44
4591,44
4592,111
4593,147
4594,115
4595,121
4596,103
4597,73
4598,129
4599,102
4600,122
4601,155
4602,139
4603,131
4604,127
4605,1
4606,156
4607,91
4608,132
4609,1
4610,130
4611,137
4612,156
4613,132
4614,119
4615,140
4616,126
4617,107
4618,111
4619,130
4620,126
4621,24
4622,1
4623,2
4624,3
4625,108
4626,117
4627,101
4628,1
4629,1
4630,1
4631,124
4632,63
4633,1
4634,1
4635,1
4636,1
4637,2
4638,1
4639,2
4640,1
4641,1
4642,114
4643,98
4644,1
4645,100
4646,1
4647,100
4648,1
4649,1
4650,123
4651,2
4652,1
4653,1
4654,77
4655,1
4656,2
4657,106
4658,106
4659,2
4660,102
4661,146
4662,96
4663,1
4664,3
4665,1
4666,104
4667,109
4668,110
4669,110
4670,101
4671,1
4672,94
4673,1
4674,1
4675,2
4676,101
4677,3
4678,3
4679,1
4680,141
4681,120
4682,140
4683,1
4684,50
4685,57
4686,1
4687,31
4688,1
4689,90
4690,1
4691,110
4692,162
4693,139
4694,130
4695,145
4696,33
4697,1
4698,114
4699,100
4700,54
4701,150
4702,105
4703,1
4704,1
4705,1
4706,124
4707,95
4708,12
4709,104
4710,5
4711,1
4712,1
4713,143
4714,127
4715,100
4716,74
4717,1
4718,3
4719,104
4720,148
4721,127
4722,158
4723,124
4724,163
4725,121
4726,154
4727,127
4728,128
4729,98
4730,109
4731,168
4732,162
4733,159
4734,137
4735,133
4736,127
4737,131
4738,90
4739,1
4740,88
4741,87
4742,1
4743,1
4744,2
4745,2
4746,82
4747,86
4748,6
4749,100
4750,57
4751,3
4752,95
4753,1
4754,101
4755,1
4756,124
4757,72
4758,93
4759,1
4760,1
4761,92
4762,95
4763,4
4764,1
4765,2
4766,133
4767,85
4768,1
4769,105
4770,101
4771,88
4772,2
4773,1
4774,113
4775,71
4776,75
4777,2
4778,2
4779,2
4780,1
4781,2
4782,66
4783,83
4784,110
4785,88
4786,77
4787,58
4788,69
4789,61
4790,88
4791,122
4792,60
4793,166
4794,107
4795,94
4796,87
4797,92
4798,130
4799,15
4800,88
4801,128
4802,96
4803,94
4804,69
4805,1
4806,90
4807,101
4808,1
4809,77
4810,1
4811,89
4812,90
4813,98
4814,1
4815,66
4816,1
4817,103
4818,95
4819,1
4820,89
4821,74
4822,2
4823,119
4824,70
4825,1
4826,121
4827,106
4828,74
4829,106
4830,113
4831,119
4832,1
4833,1
4834,100
4835,110
4836,66
4837,1
4838,4
4839,2
4840,126
4841,130
4842,1
4843,110
4844,85
4845,4
4846,5
4847,1
4848,117
4849,1
4850,63
4851,94
4852,74
4853,3
4854,1
4855,58
4856,117
4857,1
4858,4
4859,89
4860,66
4861,158
4862,100
4863,1
4864,64
4865,92
4866,3
4867,63
4868,1
4869,105
4870,1
4871,67
4872,91
4873,92
4874,87
4875,1
4876,100
4877,113
4878,40
4879,105
4880,2
4881,94
4882,109
4883,99
4884,89
4885,92
4886,105
4887,130
4888,69
4889,98
4890,90
4891,65
4892,92
4893,19
4894,25
4895,22
4896,40
4897,22
4898,24
4899,1
4900,101
4901,1
4902,90
4903,96
4904,1
4905,115
4906,92
4907,1
4908,93
4909,2
4910,95
4911,1
4912,105
4913,117
4914,1
4915,1
4916,66
4917,97
4918,78
4919,102
4920,62
4921,97
4922,105
4923,79
4924,90
4925,1
4926,1
4927,1
4928,107
4929,105
4930,99
4931,2
4932,108
4933,66
4934,1
4935,75
4936,96
4937,95
4938,32
4939,70
4940,94
4941,78
4942,1
4943,3
4944,91
4945,75
4946,105
4947,7
4948,96
4949,132
4950,1
4951,60
4952,1
4953,171
4954,116
4955,169
4956,134
4957,159
4958,2
4959,87
4960,103
4961,78
4962,1
4963,62
4964,97
4965,12
4966,102
4967,95
4968,1
4969,1
4970,115
4971,102
4972,99
4973,74
4974,1
4975,100
4976,150
4977,2
4978,87
4979,1
4980,88
4981,1
4982,63
4983,129
4984,91
4985,1
4986,1
4987,115
4988,140
4989,1
4990,79
4991,104
4992,1
4993,1
4994,121
4995,1
4996,40
4997,94
4998,1
4999,58
5000,78
5001,1
5002,51
5003,69
5004,104
5005,1
5006,59
5007,94
5008,166
5009,155
5010,145
5011,106
5012,94
5013,127
5014,87
5015,185
5016,75
5017,89
5018,81
5019,47
5020,46
5021,125
5022,160
5023,110
5024,69
5025,67
5026,105
5027,1
5028,2
5029,127
5030,1
5031,1
5032,109
5033,2
5034,134
5035,60
5036,6
5037,1
5038,96
5039,1
5040,65
5041,133
5042,96
5043,95
5044,24
5045,97
5046,65
5047,1
5048,102
5049,1
5050,53
5051,116
5052,102
5053,86
5054,117
5055,8
5056,96
5057,69
5058,1
5059,108
5060,102
5061,61
5062,57
5063,49
5064,6
5065,87
5066,1
5067,59
5068,63
5069,69
5070,2
5071,1
5072,62
5073,108
5074,95
5075,99
5076,1
5077,62
5078,1
5079,60
5080,147
5081,153
5082,87
5083,2
5084,124
5085,94
5086,100
5087,71
5088,60
5089,135
5090,1
5091,5
5092,97
5093,1
5094,86
5095,91
5096,1
5097,5
5098,3
5099,1
5100,1
5101,1
5102,82
5103,102
5104,1
5105,105
5106,1
5107,106
5108,91
5109,61
5110,1
5111,80
5112,1
5113,1
5114,118
5115,94
5116,84
5117,103
5118,69
5119,1
5120,2
5121,1
5122,105
5123,128
5124,86
5125,109
5126,1
5127,4
5128,70
5129,1
5130,89
5131,162
5132,163
5133,91
5134,27
5135,67
5136,142
5137,78
5138,26
5139,5
5140,1
5141,46
5142,1
5143,81
5144,119
5145,1
5146,1
5147,99
5148,4
5149,96
5150,4
5151,3
5152,128
5153,114
5154,101
5155,1
5156,1
5157,1
5158,1
5159,109
5160,1
5161,51
5162,61
5163,73
5164,92
5165,94
5166,6
5167,3
5168,135
5169,1
5170,1
5171,1
5172,66
5173,126
5174,1
5175,2
5176,2
5177,54
5178,100
5179,2
5180,81
5181,6
5182,123
5183,144
5184,153
5185,1
5186,1
5187,141
5188,104
5189,97
5190,82
5191,98
5192,1
5193,1
5194,1
5195,1
5196,1
5197,84
5198,76
5199,75
5200,93
5201,1
5202,98
5203,91
5204,168
5205,68
5206,1
5207,3
5208,103
5209,2
5210,95
5211,1
5212,82
5213,94
5214,66
5215,135
5216,1
5217,1
5218,144
5219,90
5220,1
5221,158
5222,6
5223,83
5224,102
5225,52
5226,110
5227,85
5228,113
5229,88
5230,89
5231,59
5232,1
5233,2
5234,106
5235,66
5236,135
5237,1
5238,1
5239,93
5240,79
5241,107
5242,47
5243,1
5244,2
5245,4
5246,7
5247,1
5248,1
5249,118
5250,81
5251,1
5252,1
5253,103
5254,40
5255,1
5256,103
5257,85
5258,1
5259,2
5260,1
5261,104
5262,82
5263,4
5264,3
5265,112
5266,102
5267,101
5268,119
5269,62
5270,64
5271,137
5272,108
5273,2
5274,78
5275,7
5276,40
5277,71
5278,99
5279,1
5280,60
5281,1
5282,78
5283,98
5284,70
5285,1
5286,4
5287,1
5288,8
5289,1
5290,1
5291,148
5292,54
5293,92
5294,107
5295,90
5296,135
5297,151
5298,1
5299,1
5300,1
5301,132
5302,1
5303,95
5304,162
5305,163
5306,3
5307,89
5308,28
5309,103
5310,160
5311,113
5312,86
5313,83
5314,113
5315,86
5316,57
5317,98
5318,116
5319,100
5320,51
5321,5
5322,1
5323,113
5324,124
5325,1
5326,63
5327,56
5328,1
5329,94
5330,90
5331,71
5332,97
5333,83
5334,92
5335,165
5336,166
5337,166
5338,159
5339,160
5340,159
5341,22
5342,105
5343,54
5344,121
5345,103
5346,1
5347,129
5348,1
5349,1
5350,1
5351,1
5352,95
5353,1
5354,80
5355,1
5356,1
5357,1
5358,67
5359,84
5360,97
5361,1
5362,86
5363,1
5364,5
5365,114
5366,2
5367,1
5368,1
5369,84
5370,67
5371,91
5372,63
5373,1
5374,116
5375,104
5376,14
5377,89
5378,108
5379,59
5380,74
5381,4
5382,4
5383,1
5384,1
5385,1
5386,84
5387,1
5388,97
5389,1
5390,95
5391,1
5392,116
5393,1
5394,1
5395,86
5396,3
5397,153
5398,1
5399,104
5400,1
5401,163
5402,1
5403,106
5404,1
5405,1
5406,1
5407,2
5408,1
5409,148
5410,1
5411,1
5412,105
5413,12
5414,1
5415,2
5416,121
5417,66
5418,102
5419,96
5420,89
5421,161
5422,5
5423,2
5424,24
5425,66
5426,2
5427,91
5428,92
5429,2
5430,104
5431,73
5432,47
5433,102
5434,1
5435,1
5436,1
5437,1
5438,1
5439,1
5440,1
5441,87
5442,117
5443,119
5444,130
5445,1
5446,2
5447,102
5448,154
5449,44
5450,96
5451,47
5452,44
5453,109
5454,89
5455,92
5456,122
5457,19
5458,1
5459,1
5460,3
5461,154
5462,152
5463,161
5464,123
5465,1
5466,1
5467,44
5468,80
5469,71
5470,153
5471,3
5472,79
5473,143
5474,123
5475,80
5476,73
5477,106
5478,1
5479,101
5480,1
5481,59
5482,164
5483,151
5484,84
5485,51
5486,142
5487,110
5488,86
5489,1
5490,101
5491,88
5492,86
5493,61
5494,81
5495,3
5496,72
5497,98
5498,64
5499,111
5500,148
5501,163
5502,95
5503,99
5504,44
5505,93
5506,89
5507,83
5508,104
5509,81
5510,1
5511,1
5512,53
5513,95
5514,1
5515,2
5516,149
5517,106
5518,108
5519,66
5520,1
5521,1
5522,1
5523,113
5524,4
5525,83
5526,50
5527,97
5528,105
5529,107
5530,99
5531,101
5532,81
5533,92
5534,131
5535,101
5536,96
5537,85
5538,1
5539,2
5540,110
5541,89
5543,1
5544,88
5545,88
5546,143
5547,83
5548,107
5549,99
5550,134
5551,78
5552,81
5553,106
5554,51
5555,1
5556,2
5557,102
5558,63
5559,2
5560,91
5561,93
5562,93
5563,1
5564,1
5565,97
5566,92
5567,1
5568,3
5569,137
5570,1
5571,143
5572,168
5573,117
5574,87
5575,160
5576,1
5577,62
5578,109
5579,1
5580,102
5581,1
5582,118
5583,57
5584,1
5585,94
5586,1
5587,71
5588,123
5589,97
5590,99
5591,97
5592,1
5593,1
5594,3
5595,67
5596,105
5597,78
5598,99
5599,1
5600,119
5601,109
5602,1
5603,107
5604,1
5605,92
5606,88
5607,71
5608,64
5609,1
5610,1
5611,97
5612,96
5613,150
5614,54
5615,78
5616,86
5617,154
5618,179
5619,93
5620,97
5621,108
5622,92
5623,78
5624,87
5625,99
5626,91
5627,102
5628,67
5629,57
5630,130
5631,80
5632,66
5633,105
5634,98
5635,91
5636,123
5637,82
5638,104
5639,109
5640,74
5641,1
5642,84
5643,98
5644,22
5645,100
5646,75
5647,69
5648,97
5649,92
5650,92
5651,7
5652,146
5653,97
5654,1
5655,2
5656,1
5657,93
5658,62
5659,2
5660,22
5661,88
5662,105
5663,1
5664,88
5665,93
5666,1
5667,98
5668,1
5669,1
5670,1
5671,1
5672,1
5673,2
5674,1
5675,5
5676,1
5677,88
5678,1
5679,31
5680,83
5681,1
5682,38
5683,108
5684,1
5685,1
5686,97
5687,1
5688,81
5689,70
5690,62
5691,3
5692,99
5693,2
5694,112
5695,90
5696,56
5697,89
5698,24
5699,100
5700,1
5701,1
5702,116
5703,92
5704,1
5705,79
5706,72
5707,92
5708,1
5709,61
5710,88
5711,113
5712,67
5713,65
5714,62
5715,107
5716,1
5717,1
5718,69
5719,77
5720,98
5721,1
5722,71
5723,1
5724,2
5725,64
5726,112
5727,59
5728,1
5729,1
5730,1
5731,1
5732,1
5733,1
5734,91
5735,44
5736,107
5737,92
5738,89
5739,107
5740,94
5741,110
5742,1
5743,81
5744,77
5745,1
5746,64
5747,97
5748,77
5749,94
5750,94
5751,91
5752,1
5753,1
5754,2
5755,80
5756,95
5757,90
5758,101
5759,73
5760,1
5761,108
5762,25
5763,1
5764,1
5765,86
5766,105
5767,1
5768,100
5769,1
5770,1
5771,96
5772,1
5773,97
5774,73
5775,1
5776,44
5777,132
5778,1
5779,96
5780,92
5781,99
5782,1
5783,92
5784,99
5785,78
5786,4
5787,65
5788,65
5789,69
5790,64
5791,63
5792,63
5793,89
5794,60
5796,41
5797,83
5798,25
5799,94
5800,1
5801,1
5802,1
5803,1
5804,9
5805,52
5806,1
5807,1
5808,2
5809,75
5810,92
5811,80
5812,1
5813,3
5815,46
5816,72
5817,71
5818,77
5819,70
5820,73
5821,81
5822,63
5823,1
5824,1
5825,45
5826,1
5827,46
5828,2
5829,112
5830,3
5831,101
5832,117
5833,114
5834,96
5835,2
5836,87
5837,2
5838,105
5839,1
5840,80
5841,97
5842,105
5843,60
5844,1
5845,1
5846,1
5847,109
5848,60
5849,101
5850,91
5851,66
5852,127
5853,82
5854,1
5855,70
5856,2
5857,2
5858,23
5859,97
5860,62
5861,84
5862,90
5863,1
5864,1
5865,101
5866,74
5867,1
5868,2
5869,68
5870,3
5871,1
5872,1
5873,92
5874,107
5875,108
5876,74
5877,29
5878,1
5879,60
5880,120
5881,74
5882,57
5883,1
5884,91
5885,62
5886,1
5887,85
5888,90
5889,3
5890,105
5891,59
5892,137
5893,86
5894,99
5895,64
5896,1
5897,82
5898,90
5899,80
5900,62
5901,1
5902,92
5903,2
5904,78
5905,92
5906,69
5907,103
5908,92
5909,10
5910,143
5911,83
5912,78
5913,84
5914,84
5915,1
5916,58
5917,82
5918,83
5919,29
5920,72
5921,26
5922,81
5923,3
5924,5
5925,75
5926,100
5927,90
5928,68
5929,71
5930,100
5931,94
5932,80
5933,35
5934,3
5935,93
5936,105
5937,130
5938,100
5939,80
5940,4
5941,5
5942,76
5943,95
5944,96
5945,94
5946,94
5947,93
5948,96
5949,94
5950,94
5951,93
5952,95
5953,93
5954,75
5955,103
5956,29
5957,104
5958,81
5959,80
5960,123
5961,119
5962,118
5963,143
5964,149
5965,1
5966,144
5967,124
5968,87
5969,128
5970,117
5971,100
5972,84
5973,90
5974,105
5975,1
5976,106
5977,99
5978,93
5979,1
5980,89
5981,105
5982,109
5983,93
5984,75
5985,1
5986,90
5987,1
5988,90
5989,93
5990,37
5991,113
5992,89
5993,102
5994,102
5995,90
5996,94
5997,91
5998,107
5999,95
6000,119
6001,93
6002,1
6003,101
6004,93
6005,82
6006,70
6007,104
6008,121
6009,92
6010,124
6011,53
6012,91
6013,83
6014,93
6015,81
6016,86
6017,106
6018,97
6019,99
6020,100
6021,126
6022,94
6023,103
6024,96
6025,1
6026,137
6027,1
6028,104
6029,104
6030,94
6031,176
6032,137
6033,101
6034,111
6035,110
6036,142
6037,86
6038,1
6039,93
6040,86
6041,80
6042,92
6043,96
6044,87
6045,1
6046,98
6047,125
6048,91
6049,76
6050,82
6051,111
6052,92
6053,94
6054,91
6055,44
6056,108
6057,123
6058,106
6059,89
6060,98
6061,108
6062,92
6063,102
6064,103
6065,91
6066,110
6067,2
6068,1
6069,77
6070,99
6071,122
6072,150
6073,126
6074,164
6075,115
6076,133
6077,127
6078,100
6079,131
6080,2
6081,44
6082,101
6083,90
6084,89
6085,88
6086,133
6087,110
6088,112
6089,87
6090,1
6091,91
6092,111
6093,99
6094,86
6095,1
6096,93
6097,87
6098,107
6099,89
6100,92
6101,1
6102,2
6103,1
6104,122
6105,91
6106,1
6107,127
6108,153
6109,94
6110,106
6111,102
6112,112
6113,63
6114,90
6115,89
6116,101
6117,85
6118,83
6119,92
6120,84
6121,91
6122,100
6123,103
6124,103
6125,45
6126,45
6127,5
6128,90
6129,98
6130,92
6131,172
6132,125
6133,1
6134,81
6135,112
6136,122
6137,101
6138,3
6139,53
6140,1
6141,53
6142,99
6143,95
6144,119
6145,163
6146,55
6147,1
6148,102
6149,106
6150,128
6151,80
6152,80
6153,75
6154,75
6155,79
6156,87
6157,1
6158,97
6159,85
6160,111
6161,113
6162,1
6163,90
6164,103
6165,105
6166,104
6167,1
6168,1
6169,127
6170,92
6171,72
6172,118
6173,110
6174,65
6175,5
6176,90
6177,134
6178,2
6179,89
6180,86
6181,87
6182,107
6183,79
6184,87
6185,113
6186,110
6187,98
6188,93
6189,139
6190,94
6191,133
6192,81
6193,91
6194,122
6195,1
6196,102
6197,88
6198,49
6199,1
6200,110
6201,150
6202,97
6203,129
6204,99
6205,112
6206,143
6207,61
6208,95
6209,92
6210,97
6211,90
6212,119
6213,147
6214,3
6215,83
6216,83
6217,1
6218,91
6219,117
6220,1
6221,78
6222,75
6223,78
6224,149
6225,103
6226,94
6227,95
6228,122
6229,1
6230,107
6231,126
6232,122
6233,95
6234,101
6235,74
6236,74
6237,74
6238,83
6239,79
6240,72
6241,80
6242,75
6243,75
6244,72
6245,99
6246,91
6247,166
6248,103
6249,128
6250,1
6251,5
6252,87
6253,1
6254,1
6255,125
6256,121
6257,110
6258,88
6259,1
6260,52
6261,89
6262,52
6263,1
6264,1
6265,4
6266,2
6267,81
6268,73
6269,75
6270,99
6271,121
6272,100
6273,97
6274,105
6275,100
6276,1
6277,1
6278,115
6279,99
6280,4
6281,91
6282,1
6283,90
6284,100
6285,25
6286,99
6287,120
6288,98
6289,104
6290,149
6291,112
6292,1
6293,98
6294,120
6295,1
6296,1
6297,151
6298,63
6299,148
6300,114
6301,123
6302,2
6303,87
6304,93
6305,3
6306,88
6307,126
6308,90
6309,95
6310,108
6311,65
6312,110
6313,66
6314,127
6315,131
6316,88
6317,97
6318,116
6319,3
6320,1
6321,117
6322,79
6323,144
6324,1
6325,79
6326,135
6327,88
6328,116
6329,91
6330,83
6331,90
6332,129
6333,120
6334,91
6335,85
6336,1
6337,88
6338,123
6339,180
6340,98
6341,90
6342,1
6343,90
6344,94
6345,112
6346,85
6347,97
6348,1
6349,47
6350,99
6351,168
6352,99
6353,106
6354,92
6355,99
6356,89
6357,88
6358,1
6359,111
6360,79
6361,1
6362,2
6363,86
6364,74
6365,1
6366,84
6367,80
6368,86
6369,3
6370,90
6371,102
6372,1
6373,92
6374,2
6375,81
6376,116
6377,110
6378,95
6379,1
6380,133
6381,120
6382,1
6383,91
6384,90
6385,90
6386,1
6387,103
6388,73
6389,98
6390,1
6391,119
6392,76
6393,148
6394,2
6395,94
6396,108
6397,114
6398,98
6399,1
6400,151
6401,78
6402,1
6403,125
6404,126
6405,1
6406,11
6407,22
6408,1
6409,1
6410,104
6411,104
6412,1
6413,117
6414,1
6415,101
6416,99
6417,1
6418,103
6419,126
6420,92
6421,1
6422,131
6423,119
6424,98
6425,85
6426,84
6427,1
6428,145
6429,125
6430,108
6431,1
6432,108
6433,74
6434,82
6435,75
6436,77
6437,156
6438,116
6439,126
6440,129
6441,132
6442,118
6443,87
6444,95
6445,86
6446,106
6447,115
6448,106
6449,94
6450,121
6451,113
6452,2
6453,129
6454,99
6455,116
6456,1
6457,11
6458,2
6459,88
6460,1
6461,2
6462,63
6463,62
6464,62
6465,112
6466,113
6467,82
6468,98
6469,87
6470,1
6471,111
6472,63
6473,105
6474,146
6475,96
6476,80
6477,99
6478,1
6479,87
6480,88
6481,99
6482,104
6483,104
6484,1
6485,118
6486,127
6487,109
6488,1
6489,130
6490,110
6491,1
6492,88
6493,106
6494,91
6495,103
6496,1
6497,89
6498,108
6499,1
6500,124
6501,96
6502,172
6503,124
6504,85
6505,9
6506,7
6507,8
6508,1
6509,1
6510,1
6511,137
6512,91
6513,120
6514,1
6515,1
6516,118
6517,110
6518,114
6519,112
6520,5
6521,1
6522,92
6523,137
6524,84
6525,1
6526,52
6527,96
6528,112
6529,90
6530,106
6531,116
6532,97
6533,1
6534,127
6535,96
6536,45
6537,101
6538,88
6539,1
6540,75
6541,112
6542,110
6543,1
6544,120
6545,90
6546,82
6547,118
6548,153
6549,117
6550,10
6551,93
6552,82
6553,115
6554,151
6555,103
6556,117
6557,1
6558,100
6559,70
6560,1
6561,2
6562,103
6563,108
6564,100
6565,91
6566,93
6567,113
6568,116
6569,1
6570,121
6571,112
6572,1
6573,2
6574,76
6575,81
6576,110
6577,90
6578,97
6579,86
6580,94
6581,83
6582,43
6583,92
6584,93
6585,88
6586,53
6587,3
6588,1
6589,156
6590,79
6591,96
6592,99
6593,140
6594,62
6595,88
6596,76
6597,99
6598,97
6599,87
6600,108
6601,94
6602,1
6603,123
6604,8
6605,128
6606,132
6607,93
6608,113
6609,96
6610,133
6611,176
6612,1
6613,115
6614,1
6615,90
6616,111
6617,87
6618,112
6619,1
6620,200
6621,93
6622,90
6623,107
6624,89
6625,83
6626,96
6627,99
6628,95
6629,88
6630,94
6631,93
6632,93
6633,92
6634,127
6635,105
6636,1
6637,94
6638,104
6639,94
6640,82
6641,86
6642,103
6643,97
6644,84
6645,98
6646,68
6647,1
6648,42
6649,92
6650,89
6651,99
6652,1
6653,1
6654,93
6655,162
6656,85
6657,52
6658,91
6659,1
6660,1
6661,1
6662,106
6663,92
6664,1
6665,140
6666,69
6667,153
6668,124
6669,120
6670,134
6671,105
6672,3
6673,1
6674,1
6675,1
6676,119
6677,1
6678,106
6679,2
6680,79
6681,196
6682,90
6683,109
6684,93
6685,92
6686,49
6687,102
6688,82
6689,74
6690,94
6691,1
6692,87
6693,108
6694,1
6695,151
6696,1
6697,109
6698,1
6699,91
6700,93
6701,85
6702,103
6703,102
6704,107
6705,88
6706,95
6707,100
6708,91
6709,110
6710,1
6711,96
6712,96
6713,98
6714,133
6715,1
6716,102
6717,108
6718,1
6719,1
6720,133
6721,58
6722,79
6723,101
6724,81
6725,2
6726,99
6727,106
6728,103
6729,1
6730,92
6731,89
6732,1
6733,1
6734,150
6735,80
6736,124
6737,99
6738,29
6739,91
6740,102
6741,94
6742,1
6743,6
6744,118
6745,1
6746,70
6747,181
6748,101
6749,29
6750,92
6751,2
6752,94
6753,118
6754,98
6755,90
6756,93
6757,114
6758,99
6759,96
6760,102
6761,90
6762,49
6763,61
6764,2
6765,60
6766,104
6767,3
6768,119
6769,102
6770,83
6771,1
6772,88
6773,86
6774,1
6775,1
6776,90
6777,134
6778,92
6779,145
6780,95
6781,93
6782,84
6783,1
6784,81
6785,98
6786,1
6787,74
6788,87
6789,1
6790,96
6791,88
6792,1
6793,118
6794,113
6795,86
6796,11
6797,91
6798,115
6799,112
6800,103
6801,116
6802,72
6803,104
6804,4
6805,97
6806,92
6807,10
6808,93
6809,93
6810,99
6811,1
6812,47
6813,52
6814,97
6815,88
6816,106
6817,97
6818,88
6819,88
6820,132
6821,1
6822,108
6823,2
6824,111
6825,1
6826,1
6827,167
6828,1
6829,96
6830,95
6831,107
6832,118
6833,130
6834,90
6835,1
6836,1
6837,1
6838,87
6839,1
6840,109
6841,103
6842,1
6843,110
6844,85
6845,163
6846,100
6847,58
6848,110
6849,58
6850,1
6851,56
6852,161
6853,141
6854,115
6855,90
6856,103
6857,77
6858,1
6859,111
6860,103
6861,129
6862,113
6863,106
6864,105
6865,137
6866,22
6867,130
6868,89
6869,2
6870,110
6871,148
6872,2
6873,100
6874,1
6875,90
6876,103
6877,75
6878,99
6879,93
6880,90
6881,145
6882,95
6883,92
6884,90
6885,137
6886,6
6887,98
6888,109
6889,117
6890,2
6891,3
6892,93
6893,57
6894,110
6895,2
6896,1
6897,95
6898,102
6899,97
6900,82
6901,90
6902,2
6903,57
6904,91
6905,100
6906,101
6907,2
6908,138
6909,95
6910,116
6911,117
6912,65
6913,158
6914,110
6915,79
6916,99
6917,86
6918,3
6919,138
6920,1
6921,91
6922,79
6923,2
6924,1
6925,79
6926,96
6927,55
6928,101
6929,88
6930,95
6931,1
6932,87
6933,1
6934,83
6935,90
6936,4
6937,151
6938,1
6939,89
6940,99
6941,86
6942,5
6943,85
6944,93
6945,89
6946,89
6947,90
6948,104
6949,107
6950,124
6951,87
6952,2
6953,94
6954,1
6955,86
6956,5
6957,102
6958,122
6959,126
6960,87
6961,156
6962,97
6963,89
6964,2
6965,88
6966,1
6967,96
6968,104
6969,80
6970,3
6971,5
6972,3
6973,95
6974,97
6975,1
6976,118
6977,1
6978,118
6979,44
6980,54
6981,170
6982,1
6983,118
6984,128
6985,106
6986,103
6987,92
6988,102
6989,126
6990,73
6991,111
6992,100
6993,86
6994,95
6995,79
6996,81
6997,3
6998,120
6999,1
7000,85
7001,96
7002,91
7003,134
7004,93
7005,82
7006,88
7007,1
7008,96
7009,97
7010,101
7011,88
7012,84
7013,110
7014,105
7015,116
7016,94
7017,110
7018,1
7019,116
7020,51
7021,103
7022,83
7023,176
7024,149
7025,1
7026,79
7027,97
7028,91
7029,1
7030,2
7031,85
7032,85
7033,117
7034,2
7035,84
7036,106
7037,107
7038,98
7039,54
7040,1
7041,139
7042,88
7043,93
7044,91
7045,89
7046,106
7047,116
7048,100
7049,96
7050,119
7051,2
7052,108
7053,104
7054,124
7055,1
7056,87
7057,75
7058,108
7059,103
7060,1
7061,103
7062,89
7063,103
7064,89
7065,119
7066,106
7067,90
7068,118
7069,95
7070,1
7071,123
7072,127
7073,116
7074,119
7075,99
7076,90
7077,90
7078,153
7079,106
7080,141
7081,1
7082,1
7083,1
7084,1
7085,122
7086,2
7087,87
7088,102
7089,88
7090,99
7091,99
7092,134
7093,91
7094,88
7095,127
7096,137
7097,77
7098,71
7099,2
7100,130
7101,1
7102,1
7103,140
7104,101
7105,101
7106,91
7107,84
7108,88
7109,68
7110,163
7111,93
7112,86
7113,1
7114,154
7115,92
7116,132
7117,22
7118,132
7119,94
7120,132
7121,1
7122,105
7123,97
7124,2
7125,109
7126,2
7127,134
7128,53
7129,84
7130,1
7131,102
7132,1
7133,79
7134,181
7135,90
7136,79
7137,133
7138,125
7139,80
7140,101
7141,1
7142,135
7143,1
7144,1
7145,133
7146,91
7147,52
7148,123
7149,2
7150,113
7151,107
7152,128
7153,94
7154,95
7155,106
7156,1
7157,138
7158,1
7159,139
7160,132
7161,173
7162,105
7163,148
7164,120
7165,85
7166,113
7167,99
7168,41
7169,110
7170,137
7171,118
7172,140
7173,85
7174,116
7175,133
7176,1
7177,1
7178,1
7179,89
7180,75
7181,67
7182,90
7183,1
7184,170
7185,1
7186,1
7187,124
7188,1
7189,120
7190,157
7191,124
7192,110
7193,90
7194,97
7195,108
7196,95
7197,2
7198,111
7199,137
7200,100
7201,53
7202,87
7203,106
7204,86
7205,100
7206,103
7207,109
7208,81
7209,98
7210,1
7211,114
7212,87
7213,132
7214,116
7215,1
7216,1
7217,92
7218,2
7219,99
7220,63
7221,121
7222,56
7223,1
7224,96
7225,115
7226,117
7227,58
7228,62
7229,65
7230,61
7231,65
7232,65
7233,58
7234,60
7235,81
7236,1
7237,85
7238,93
7239,126
7240,99
7241,79
7242,26
7243,107
7244,133
7245,95
7246,1
7247,100
7248,149
7249,52
7250,165
7251,104
7252,114
7253,109
7254,88
7255,3
7256,1
7257,1
7258,1
7259,1
7260,143
7261,112
7262,101
7263,110
7264,83
7265,1
7266,145
7267,3
7268,87
7269,1
7270,86
7271,115
7272,93
7273,121
7274,54
7275,100
7276,37
7277,33
7278,35
7279,32
7280,1
7281,147
7282,110
7283,97
7284,108
7285,101
7286,1
7287,100
7288,3
7289,1
7290,48
7291,44
7292,1
7293,78
7294,103
7295,58
7296,3
7297,90
7298,1
7299,89
7300,83
7301,1
7302,1
7303,84
7304,104
7305,99
7306,105
7307,94
7308,2
7309,150
7310,111
7311,116
7312,92
7313,1
7314,23
7315,25
7316,85
7317,90
7318,68
7319,67
7320,66
7321,91
7322,4
7323,87
7324,98
7325,1
7326,1
7327,108
7328,85
7329,95
7330,103
7331,118
7332,2
7333,153
7334,1
7335,96
7336,88
7337,116
7338,155
7339,1
7340,88
7341,1
7342,92
7343,5
7344,1
7345,98
7346,103
7347,163
7348,93
7349,1
7350,1
7351,77
7352,97
7353,115
7354,1
7355,103
7356,82
7357,77
7358,79
7359,98
7360,1
7361,131
7362,110
7363,100
7364,117
7365,107
7366,76
7367,118
7368,93
7369,7
7370,99
7371,84
7372,102
7373,134
7374,78
7375,95
7376,1
7377,1
7378,73
7379,110
7380,75
7381,119
7382,1
7383,1
7384,1
7385,92
7386,1
7387,137
7388,192
7389,132
7390,91
7391,105
7392,88
7393,1
7394,155
7395,103
7396,97
7397,92
7398,98
7399,89
7400,112
7401,75
7402,89
7403,99
7404,107
7405,1
7406,29
7407,4
7408,94
7409,1
7410,2
7411,90
7412,104
7413,55
7414,83
7415,77
7416,72
7417,103
7418,131
7419,1
7420,138
7421,143
7422,80
7423,132
7424,84
7425,99
7426,93
7427,114
7428,100
7429,132
7430,83
7431,105
7432,112
7433,94
7434,90
7435,48
7436,1
7437,1
7438,110
7439,1
7440,84
7441,118
7442,86
7443,98
7444,88
7445,81
7446,112
7447,1
7448,1
7449,106
7450,1
7451,148
7452,105
7453,92
7454,1
7455,112
7456,1
7457,128
7458,2
7459,128
7460,1
7461,136
7462,106
7463,129
7464,1
7465,90
7466,130
7467,85
7468,90
7469,1
7470,94
7471,86
7472,100
7473,107
7474,93
7475,109
7476,109
7477,92
7478,93
7479,100
7480,141
7481,1
7482,119
7483,84
7484,1
7485,96
7486,1
7487,83
7488,117
7489,93
7490,73
7491,72
7492,46
7493,74
7494,46
7495,46
7496,74
7497,71
7498,72
7499,76
7500,23
7501,60
7502,46
7503,2
7504,101
7505,1
7506,1
7507,97
7508,111
7509,96
7510,135
7511,91
7512,84
7513,121
7514,109
7515,74
7516,94
7517,105
7518,97
7519,102
7520,86
7521,88
7522,2
7523,90
7524,131
7525,158
7526,85
7527,110
7528,79
7529,3
7530,2
7531,185
7532,80
7533,116
7534,95
7535,99
7536,77
7537,91
7538,115
7539,1
7540,68
7541,1
7542,72
7543,73
7544,104
7545,90
7546,99
7547,109
7548,1
7549,108
7550,99
7551,99
7552,1
7553,88
7554,92
7555,73
7556,85
7557,91
7558,171
7559,80
7560,102
7561,76
7562,92
7563,82
7564,42
7565,131
7566,165
7567,91
7568,101
7569,1
7570,1
7571,53
7572,1
7573,1
7574,1
7575,3
7576,59
7577,3
7578,108
7579,89
7580,91
7581,84
7582,96
7583,124
7584,87
7585,113
7586,118
7587,2
7588,97
7589,1
7590,1
7591,161
7592,116
7593,104
7594,1
7595,89
7596,92
7597,90
7598,1
7599,50
7600,53
7601,113
7602,53
7603,54
7604,53
7605,54
7606,113
7607,53
7608,53
7609,53
7610,54
7611,54
7612,52
7613,54
7614,54
7615,53
7616,53
7617,53
7618,113
7619,53
7620,86
7621,102
7622,114
7623,99
7624,1
7625,1
7626,55
7627,91
7628,1
7629,7
7630,1
7631,117
7632,124
7633,1
7634,122
7635,84
7636,84
7637,120
7638,127
7639,122
7640,125
7641,1
7642,107
7643,91
7644,103
7645,103
7646,106
7647,2
7648,102
7649,1
7650,1
7651,97
7652,89
7653,92
7654,107
7655,86
7656,70
7657,66
7658,72
7659,111
7660,166
7661,135
7662,92
7663,87
7664,92
7665,89
7666,93
7667,1
7668,90
7669,76
7670,86
7671,111
7672,1
7673,124
7674,93
7675,1
7676,1
7677,139
7678,91
7679,86
7680,3
7681,122
7682,96
7683,88
7684,93
7685,90
7686,103
7687,102
7688,105
7689,117
7690,1
7691,126
7692,89
7693,82
7694,1
7695,82
7696,98
7697,96
7698,108
7699,1
7700,91
7701,163
7702,112
7703,137
7704,89
7705,86
7706,2
7707,187
7708,109
7709,77
7710,7
7711,1
7712,84
7713,140
7714,68
7715,117
7716,105
7717,91
7718,104
7719,1
7720,114
7721,112
7722,5
7723,48
7724,95
7725,89
7726,3
7727,108
7728,72
7729,109
7730,5
7731,105
7732,92
7733,95
7734,108
7735,85
7736,126
7737,118
7738,125
7739,112
7740,96
7741,81
7742,81
7743,92
7744,1
7745,127
7746,81
7747,133
7748,1
7749,1
7750,81
7751,108
7752,120
7753,149
7754,92
7755,96
7756,114
7757,8
7758,77
7759,90
7760,1
7761,1
7762,1
7763,1
7764,1
7765,1
7766,1
7767,1
7768,1
7769,1
7770,1
7771,1
7772,1
7773,1
7774,1
7775,24
7776,46
7777,24
7778,1
7779,55
7780,1
7781,24
7782,23
7783,1
7784,1
7785,1
7786,1
7787,1
7788,24
7789,24
7790,106
7791,52
7792,127
7793,86
7794,131
7795,93
7796,1
7797,97
7798,84
7799,1
7800,83
7801,2
7802,165
7803,154
7804,158
7805,89
7806,149
7807,3
7808,96
7809,1
7810,106
7811,1
7812,128
7813,1
7814,1
7815,98
7816,1
7817,99
7818,113
7819,71
7820,83
7821,129
7822,117
7823,93
7824,124
7825,177
7826,104
7827,113
7828,178
7829,1
7830,90
7831,154
7832,122
7833,115
7834,126
7835,88
7836,1
7837,99
7838,144
7839,1
7840,111
7841,1
7842,73
7843,4
7844,81
7845,114
7846,112
7847,80
7848,13
7849,24
7850,100
7851,2
7852,96
7853,88
7854,95
7855,112
7856,112
7857,6
7858,97
7859,97
7860,94
7861,97
7862,118
7863,1
7864,95
7865,1
7866,120
7867,84
7868,4
7869,101
7870,103
7871,5
7872,83
7873,1
7874,107
7875,136
7876,96
7877,45
7878,92
7879,1
7880,120
7881,119
7882,100
7883,92
7884,104
7885,93
7886,98
7887,80
7888,79
7889,122
7890,118
7891,89
7892,26
7893,3
7894,62
7895,137
7896,121
7897,8
7898,1
7899,103
7900,92
7901,89
7902,97
7903,134
7904,116
7905,110
7906,88
7907,3
7908,93
7909,1
7910,72
7911,141
7912,82
7913,117
7914,118
7915,91
7916,105
7917,94
7918,137
7919,1
7920,61
7921,86
7922,118
7923,173
7924,152
7925,99
7926,110
7927,116
7928,107
7929,109
7930,65
7931,32
7932,122
7933,228
7934,86
7935,72
7936,102
7937,140
7938,145
7939,126
7940,133
7941,141
7942,78
7943,1
7944,150
7945,153
7946,83
7947,95
7948,93
7949,1
7950,126
7951,95
7952,99
7953,93
7954,7
7955,93
7956,88
7957,88
7958,195
7959,120
7960,77
7961,112
7962,121
7963,117
7964,90
7965,110
7966,86
7967,95
7968,101
7969,1
7970,111
7971,54
7972,54
7973,54
7974,55
7975,54
7976,55
7977,55
7978,55
7979,55
7980,55
7981,102
7982,106
7983,1
7984,69
7985,1
7986,85
7987,146
7988,145
7989,103
7990,111
7991,125
7992,1
7993,115
7994,1
7995,168
7996,109
7997,148
7998,92
7999,91
8000,135
8001,71
8002,112
8003,4
8004,128
8005,168
8006,45
8007,75
8008,71
8009,122
8010,97
8011,89
8012,98
8013,115
8014,96
8015,119
8016,1
8017,105
8018,88
8019,94
8020,77
8021,2
8022,1
8023,3
8024,143
8025,127
8026,92
8027,87
8028,83
8029,95
8030,96
8031,3
8032,1
8033,107
8034,100
8035,49
8036,94
8037,101
8038,89
8039,135
8040,107
8041,1
8042,84
8043,110
8044,95
8045,66
8046,83
8047,86
8048,137
8049,87
8050,142
8051,94
8052,135
8053,135
8054,104
8055,97
8056,128
8057,109
8058,73
8059,1
8060,106
8061,94
8062,85
8063,1
8064,98
8065,4
8066,96
8067,75
8068,139
8069,117
8070,95
8071,2
8072,129
8073,94
8074,112
8075,88
8076,100
8077,83
8078,93
8079,103
8080,88
8081,86
8082,88
8083,152
8084,1
8085,106
8086,1
8087,52
8088,98
8089,89
8090,86
8091,106
8092,100
8093,91
8094,1
8095,1
8096,113
8097,100
8098,1
8099,132
8100,96
8101,96
8102,113
8103,1
8104,95
8105,85
8106,106
8107,117
8108,1
8109,123
8110,1
8111,78
8112,95
8113,135
8114,130
8115,115
8116,114
8117,107
8118,1
8119,93
8120,94
8121,85
8122,1
8123,63
8124,104
8125,127
8126,3
8127,113
8128,91
8129,154
8130,1
8131,82
8132,98
8133,1
8134,103
8135,86
8136,92
8137,123
8138,1
8139,116
8140,93
8141,97
8142,108
8143,101
8144,1
8145,177
8146,95
8147,97
8148,2
8149,1
8150,111
8151,81
8152,89
8153,72
8154,112
8155,48
8156,81
8157,137
8158,89
8159,87
8160,88
8161,94
8162,125
8163,67
8164,108
8165,102
8166,1
8167,109
8168,115
8169,98
8170,84
8171,133
8172,121
8173,1
8174,1
8175,8
8176,1
8177,100
8178,117
8179,78
8180,87
8181,2
8182,88
8183,2
8184,93
8185,107
8186,99
8187,140
8188,113
8189,89
8190,8
8191,97
8192,97
8193,108
8194,2
8195,80
8196,90
8197,117
8198,95
8199,86
8200,1
8201,100
8202,87
8203,101
8204,83
8205,89
8206,18
8207,1
8208,1
8209,1
8210,1
8211,72
8212,95
8213,95
8214,98
8215,1
8216,59
8217,1
8218,118
8219,98
8220,111
8221,116
8222,97
8223,95
8224,122
8225,95
8226,93
8227,107
8228,119
8229,119
8230,97
8231,96
8232,103
8233,96
8234,106
8235,109
8236,1
8237,112
8238,96
8239,60
8240,113
8241,126
8242,109
8243,93
8244,1
8245,101
8246,111
8247,107
8248,100
8249,92
8250,103
8251,1
8252,105
8253,103
8254,101
8255,123
8256,114
8257,101
8258,2
8259,99
8260,102
8261,66
8262,112
8263,1
8264,101
8265,99
8266,105
8267,93
8268,121
8269,75
8270,95
8271,100
8272,2
8273,151
8274,78
8275,85
8276,69
8277,84
8278,1
8279,88
8280,86
8281,121
8282,99
8283,1
8284,110
8285,104
8286,95
8287,96
8288,1
8289,106
8290,112
8291,85
8292,107
8293,76
8294,1
8295,95
8296,88
8297,116
8298,121
8299,82
8300,87
8301,46
8302,103
8303,1
8304,97
8305,91
8306,91
8307,101
8308,104
8309,92
8310,113
8311,89
8312,5
8313,115
8314,84
8315,106
8316,2
8317,1
8318,124
8319,83
8320,107
8321,158
8322,1
8323,95
8324,97
8325,97
8326,89
8327,161
8328,205
8329,123
8330,190
8331,136
8332,4
8333,161
8334,133
8335,1
8336,119
8337,1
8338,94
8339,85
8340,108
8341,71
8342,147
8343,88
8344,99
8345,96
8346,97
8347,92
8348,1
8349,79
8350,3
8351,53
8352,94
8353,123
8354,1
8355,103
8356,111
8357,123
8358,3
8359,100
8360,75
8361,118
8362,96
8363,108
8364,99
8365,103
8366,99
8367,2
8368,100
8369,1
8370,105
8371,52
8372,1
8373,106
8374,1
8375,90
8376,95
8377,1
8378,118
8379,6
8380,1
8381,98
8382,86
8383,84
8384,93
8385,88
8386,131
8387,44
8388,96
8389,70
8390,88
8391,87
8392,118
8393,1
8394,89
8395,85
8396,107
8397,138
8398,1
8399,119
8400,93
8401,87
8402,121
8403,95
8404,103
8405,201
8406,179
8407,87
8408,98
8409,82
8410,85
8411,90
8412,1
8413,68
8414,138
8415,136
8416,138
8417,129
8418,116
8419,130
8420,40
8421,94
8422,1
8423,5
8424,2
8425,3
8426,104
8427,91
8428,70
8429,1
8430,1
8431,104
8432,1
8433,115
8434,85
8435,85
8436,138
8437,40
8438,1
8439,82
8440,1
8441,90
8442,99
8443,9
8444,91
8445,106
8446,108
8447,94
8448,87
8449,124
8450,141
8451,93
8452,103
8453,141
8454,155
8455,93
8456,78
8457,118
8458,88
8459,140
8460,124
8461,110
8462,100
8463,96
8464,116
8465,91
8466,111
8467,98
8468,125
8469,76
8470,117
8471,90
8472,1
8473,119
8474,136
8475,1
8476,52
8477,1
8478,81
8479,77
8480,120
8481,102
8482,90
8483,1
8484,90
8485,92
8486,93
8487,116
8488,107
8489,87
8490,111
8491,1
8492,101
8493,91
8494,103
8495,120
8496,90
8497,92
8498,99
8499,124
8500,111
8501,32
8502,86
8503,104
8504,1
8505,123
8506,105
8507,97
8508,97
8509,90
8510,163
8511,3
8512,121
8513,120
8514,95
8515,84
8516,94
8517,94
8518,122
8519,2
8520,1
8521,90
8522,91
8523,89
8524,1
8525,98
8526,106
8527,139
8528,83
8529,96
8530,94
8531,58
8532,96
8533,107
8534,1
8535,104
8536,94
8537,108
8538,91
8539,58
8540,4
8541,99
8542,4
8543,96
8544,93
8545,1
8546,1
8547,106
8548,103
8549,91
8550,1
8551,98
8552,1
8553,111
8554,112
8555,90
8556,101
8557,98
8558,7
8559,92
8560,88
8561,1
8562,47
8563,100
8564,114
8565,128
8566,53
8567,89
8568,1
8569,83
8570,85
8571,94
8572,104
8573,89
8574,86
8575,1
8576,1
8577,107
8578,77
8579,123
8580,122
8581,131
8582,77
8583,125
8584,125
8585,88
8586,96
8587,93
8588,42
8589,1
8590,108
8591,151
8592,125
8593,1
8594,1
8595,78
8596,97
8597,1
8598,84
8599,108
8600,3
8601,2
8602,89
8603,60
8604,119
8605,1
8606,3
8607,87
8608,104
8609,94
8610,1
8611,94
8612,130
8613,88
8614,118
8615,94
8616,114
8617,119
8618,114
8619,94
8620,82
8621,82
8622,96
8623,100
8624,104
8625,101
8626,99
8627,98
8628,100
8629,134
8630,173
8631,113
8632,91
8633,110
8634,1
8635,90
8636,128
8637,108
8638,124
8639,89
8640,162
8641,76
8642,96
8643,102
8644,53
8645,2
8646,86
8647,2
8648,89
8649,80
8650,95
8651,78
8652,90
8653,125
8654,4
8655,94
8656,90
8657,104
8658,40
8659,108
8660,94
8661,61
8662,94
8663,105
8664,83
8665,110
8666,121
8667,95
8668,130
8669,132
8670,2
8671,90
8672,117
8673,130
8674,78
8675,106
8676,110
8677,91
8678,113
8679,101
8680,2
8681,125
8682,116
8683,106
8684,113
8685,3
8686,99
8687,130
8688,120
8689,94
8690,94
8691,2
8692,109
8693,94
8694,96
8695,103
8696,109
8697,147
8698,98
8699,73
8700,92
8701,1
8702,78
8703,68
8704,96
8705,83
8706,91
8707,93
8708,38
8709,94
8710,91
8711,8
8712,95
8713,2
8714,124
8715,73
8716,108
8717,84
8718,93
8719,96
8720,102
8721,1
8722,1
8723,130
8724,52
8725,91
8726,110
8727,5
8728,75
8729,103
8730,89
8731,86
8732,97
8733,89
8734,91
8735,78
8736,90
8737,1
8738,50
8739,84
8740,82
8741,1
8742,1
8743,106
8744,105
8745,105
8746,100
8747,85
8748,1
8749,86
8750,1
8751,100
8752,106
8753,108
8754,74
8755,109
8756,3
8757,97
8758,129
8759,1
8760,49
8761,93
8762,133
8763,140
8764,45
8765,191
8766,81
8767,124
8768,101
8769,106
8770,137
8771,171
8772,132
8773,147
8774,151
8775,97
8776,1
8777,90
8778,111
8779,112
8780,107
8781,1
8782,96
8783,88
8784,1
8785,78
8786,1
8787,87
8788,85
8789,157
8790,116
8791,113
8792,94
8793,81
8794,88
8795,98
8796,2
8797,2
8798,3
8799,131
8800,120
8801,1
8802,96
8803,158
8804,2
8805,88
8806,88
8807,111
