show_id,release_year
1,2020
2,2021
3,2021
4,2021
5,2021
6,2021
7,2021
8,1993
9,2021
10,2021
11,2021
12,2021
13,2021
14,2021
15,2021
16,2021
17,2020
18,2020
19,2021
20,2021
21,2021
22,2018
23,1996
24,2021
25,1998
26,2021
27,1997
28,2010
29,2013
30,2013
31,2021
32,2021
33,2020
34,2021
35,2020
36,2021
37,2021
38,2018
39,2017
40,2021
41,2021
42,1975
43,1978
44,1983
45,1987
46,2021
47,2012
48,2020
49,2001
50,2021
51,2014
52,2002
53,2003
54,2004
55,2001
56,2021
57,2011
58,2008
59,2009
60,2007
61,2010
62,2005
63,2006
64,2004
65,2021
66,2021
67,2014
68,1994
69,2021
70,2015
71,2021
72,2021
73,2021
74,2018
75,2021
76,2021
77,2013
78,2021
79,2020
80,2021
81,2021
82,2021
83,2021
84,2021
85,2020
86,2021
87,2021
88,2019
89,2021
90,2017
91,2019
92,2021
93,2021
94,2021
95,2018
96,2021
97,2018
98,2021
99,2021
100,2021
101,2019
102,2021
103,2021
104,2020
105,2016
106,2017
107,2021
108,2018
109,2021
110,2021
111,2021
112,2021
113,2021
114,2021
115,1994
116,2009
117,2015
118,2021
119,2017
120,2020
121,2021
122,2019
123,2003
124,2012
125,2013
126,2021
127,2020
128,2004
129,2017
130,2005
131,2021
132,1982
133,2021
134,2015
135,1994
136,1993
137,2003
138,2001
139,2010
140,1989
141,2014
142,2015
143,2007
144,2011
145,1990
146,1991
147,1994
148,2021
149,2020
150,1998
151,1999
152,2005
153,2016
154,2016
155,2015
156,1986
157,2010
158,2018
159,2003
160,2010
161,1992
162,1996
163,2017
164,2003
165,1999
166,2019
167,1984
168,2008
169,2001
170,2006
171,1997
172,2017
173,2003
174,2015
175,2003
176,1980
177,1986
178,1961
179,2014
180,1996
181,2000
182,2021
183,2008
184,1993
185,2021
186,2021
187,2021
188,2021
189,2008
190,2020
191,2021
192,2017
193,2008
194,2021
195,2002
196,2008
197,2021
198,2021
199,2021
200,2006
201,2004
202,2003
203,2005
204,2016
205,2012
206,2001
207,2010
208,2008
209,2010
210,2013
211,2011
212,2014
213,2016
214,2021
215,2021
216,2007
217,2011
218,2011
219,2021
220,2021
221,2021
222,2021
223,2021
224,2021
225,2021
226,2021
227,2021
228,2020
229,2014
230,2020
231,2021
232,2021
233,2019
234,2021
235,2021
236,2021
237,2021
238,2021
239,2021
240,2021
241,2021
242,2021
243,2021
244,2021
245,2018
246,2021
247,2021
248,2021
249,2021
250,2021
251,2020
252,2011
253,2021
254,1995
255,2021
256,2021
257,2020
258,2015
259,2020
260,2018
261,2020
262,2021
263,2021
264,2016
265,2014
266,2018
267,2020
268,1993
269,2020
270,2015
271,2021
272,2021
273,2021
274,2021
275,2021
276,2021
277,2021
278,2021
279,2021
280,2021
281,2021
282,2016
283,2020
284,2021
285,2021
286,2013
287,2021
288,2021
289,2018
290,2019
291,2021
292,2021
293,2012
294,2021
295,2020
296,2021
297,2021
298,2021
299,2020
300,2021
301,2021
302,2013
303,2013
304,1985
305,2021
306,1993
307,2016
308,2021
309,2012
310,2021
311,2021
312,2021
313,2021
314,2009
315,1995
316,2010
317,2011
318,2021
319,2021
320,2005
321,2021
322,2013
323,2008
324,2012
325,2020
326,1992
327,1993
328,2007
329,2016
330,2002
331,2009
332,2020
333,1999
334,1986
335,2019
336,2006
337,2010
338,2007
339,2014
340,2021
341,2010
342,1999
343,1995
344,1991
345,1994
346,2015
347,2008
348,2009
349,2019
350,2003
351,2000
352,2004
353,2016
354,2013
355,1991
356,2011
357,2010
358,2004
359,1995
360,2000
361,2010
362,2021
363,2018
364,2021
365,2021
366,2014
367,2021
368,2020
369,2009
370,2021
371,2021
372,2009
373,2021
374,2021
375,2013
376,2021
377,2021
378,2021
379,2019
380,2021
381,2021
382,2021
383,2021
384,2012
385,2021
386,2021
387,2021
388,2021
389,2021
390,2019
391,2019
392,2020
393,2012
394,2021
395,2021
396,2021
397,2021
398,2021
399,2021
400,2021
401,2021
402,2021
403,2021
404,2021
405,2021
406,2015
407,2013
408,2009
409,2011
410,2010
411,2013
412,2013
413,2013
414,2013
415,2012
416,2009
417,2013
418,2015
419,2019
420,2010
421,2012
422,2014
423,2011
424,2011
425,2012
426,2019
427,2021
428,2019
429,2021
430,2020
431,2021
432,2021
433,2021
434,2020
435,2020
436,2019
437,2021
438,2021
439,2020
440,2021
441,2021
442,2021
443,2021
444,1999
445,2021
446,2017
447,2017
448,2011
449,2012
450,2010
451,2009
452,2008
453,2021
454,2021
455,1983
456,2021
457,2019
458,2021
459,2021
460,2021
461,2007
462,2019
463,2019
464,2021
465,2021
466,2021
467,2021
468,2021
469,2021
470,2019
471,2021
472,2021
473,2021
474,2020
475,2015
476,2019
477,2016
478,2021
479,2021
480,2021
481,2020
482,2021
483,2021
484,2021
485,2021
486,2021
487,2016
488,2021
489,2021
490,2017
491,2021
492,2017
493,2018
494,2021
495,2015
496,2019
497,2014
498,2021
499,2020
500,2021
501,2021
502,2020
503,2010
504,2021
505,2021
506,2020
507,2021
508,2019
509,2019
510,2019
511,2016
512,2017
513,2007
514,2018
515,2019
516,2019
517,2021
518,2017
519,2020
520,2020
521,2021
522,2021
523,2015
524,2019
525,2019
526,2018
527,2019
528,2016
529,2012
530,1976
531,2015
532,2018
533,2019
534,2021
535,2019
536,2015
537,2018
538,2018
539,2021
540,2020
541,2020
542,2018
543,1959
544,2020
545,2021
546,2020
547,2021
548,2021
549,2020
550,2020
551,2021
552,2021
553,2020
554,2019
555,2020
556,2013
557,2021
558,2018
559,2012
560,1997
561,2021
562,2002
563,1997
564,1999
565,1997
566,2020
567,2000
568,1995
569,1993
570,2019
571,2021
572,2021
573,2019
574,2008
575,2011
576,2010
577,2019
578,2021
579,2005
580,1988
581,2021
582,1995
583,2016
584,2011
585,2001
586,2018
587,1992
588,2020
589,2018
590,2019
591,2016
592,2008
593,2010
594,2000
595,2009
596,1999
597,2019
598,2006
599,2010
600,2019
601,1997
602,1984
603,1986
604,1989
605,2003
606,1980
607,2006
608,2008
609,2002
610,2010
611,2003
612,2012
613,2009
614,2020
615,1998
616,1998
617,2019
618,2021
619,2021
620,2020
621,2019
622,2020
623,2019
624,2021
625,2021
626,2021
627,2021
628,2020
629,2021
630,2020
631,2012
632,2021
633,2019
634,2018
635,2019
636,2010
637,2021
638,2021
639,2021
640,2021
641,2021
642,2021
643,2021
644,2021
645,2021
646,2021
647,2021
648,2021
649,2021
650,2019
651,2016
652,2003
653,2004
654,2021
655,2014
656,2016
657,2015
658,2001
659,2021
660,2018
661,2021
662,2018
663,2018
664,2019
665,2020
666,2020
667,2020
668,2015
669,2018
670,2020
671,1981
672,1982
673,1988
674,2019
675,2019
676,2018
677,2019
678,2020
679,2018
680,2018
681,2020
682,2018
683,2021
684,2021
685,2021
686,2021
687,2021
688,2021
689,2020
690,1981
691,2021
692,2021
693,2021
694,2021
695,2019
696,2015
697,2021
698,2021
699,2020
700,2021
701,2021
702,2019
703,2012
704,2021
705,2018
706,2019
707,2021
708,2021
709,2016
710,2020
711,2021
712,2021
713,2020
714,2020
715,2021
716,2021
717,1972
718,2021
719,2013
720,2021
721,2021
722,2020
723,2005
724,2014
725,2021
726,2021
727,2014
728,2020
729,2021
730,2021
731,2021
732,2021
733,2021
734,2016
735,2021
736,2021
737,2021
738,2021
739,2021
740,2021
741,2014
742,2012
743,2021
744,2014
745,2021
746,2019
747,2021
748,2013
749,2021
750,2021
751,2021
752,2018
753,2014
754,2007
755,2018
756,2021
757,2020
758,2021
759,2021
760,2015
761,2015
762,2021
763,2021
764,2021
765,2021
766,2021
767,2021
768,2021
769,2021
770,2020
771,2021
772,2021
773,2021
774,2019
775,2020
776,2012
777,2001
778,2009
779,2013
780,2000
781,2019
782,2021
783,1997
784,2021
785,2011
786,2021
787,2013
788,2003
789,2001
790,2015
791,2015
792,2008
793,2010
794,1997
795,2019
796,2012
797,2011
798,2001
799,1997
800,2004
801,2012
802,2011
803,2009
804,2006
805,2006
806,2021
807,2017
808,2017
809,2014
810,2004
811,1984
812,2021
813,2001
814,1993
815,1981
816,2015
817,2005
818,2015
819,1996
820,1976
821,2021
822,2018
823,2019
824,2019
825,2018
826,2020
827,2021
828,2021
829,2016
830,2021
831,2021
832,2021
833,2021
834,2021
835,2021
836,2021
837,2021
838,2021
839,2021
840,2018
841,2021
842,2021
843,2021
844,2016
845,2021
846,2014
847,2015
848,2021
849,2021
850,2020
851,2021
852,2021
853,2021
854,2021
855,2021
856,2021
857,2020
858,2021
859,2009
860,2011
861,2020
862,2021
863,2021
864,2011
865,2006
866,2014
867,2017
868,1998
869,1997
870,2021
871,2021
872,2021
873,2016
874,2021
875,2021
876,2020
877,2021
878,2021
879,2021
880,2021
881,2021
882,2021
883,2021
884,2021
885,2021
886,2018
887,2020
888,2020
889,2021
890,2021
891,2021
892,2004
893,2018
894,2020
895,2021
896,2021
897,2021
898,2021
899,2020
900,2020
901,2021
902,2019
903,2021
904,2021
905,2017
906,2021
907,1999
908,2020
909,2021
910,2021
911,2021
912,2017
913,2021
914,2020
915,2017
916,2020
917,2013
918,2019
919,2021
920,2021
921,2020
922,2018
923,2018
924,2021
925,2020
926,2010
927,2006
928,2010
929,1989
930,2017
931,2010
932,2005
933,2010
934,2009
935,2018
936,2012
937,2020
938,2017
939,2019
940,2013
941,2014
942,2013
943,2003
944,2008
945,2018
946,2020
947,1994
948,2009
949,2018
950,2011
951,2009
952,2002
953,2000
954,2016
955,2018
956,1992
957,2008
958,2021
959,2019
960,2021
961,2021
962,2021
963,2018
964,2021
965,2021
966,2021
967,2021
968,2021
969,2021
970,2014
971,2011
972,2018
973,2021
974,2020
975,2019
976,2021
977,2017
978,2016
979,2014
980,2013
981,2015
982,2004
983,2015
984,2021
985,2015
986,2015
987,2016
988,2019
989,2021
990,2017
991,2015
992,2020
993,2020
994,2021
995,2020
996,2001
997,2021
998,2021
999,2021
1000,2021
1001,2020
1002,2015
1003,2021
1004,2021
1005,2021
1006,2013
1007,2018
1008,2017
1009,2019
1010,2020
1011,2019
1012,2014
1013,2021
1014,2016
1015,2019
1016,1992
1017,2011
1018,2010
1019,2008
1020,2001
1021,2004
1022,2010
1023,2007
1024,2021
1025,2021
1026,2021
1027,2021
1028,2015
1029,2021
1030,2013
1031,2020
1032,2020
1033,2021
1034,2013
1035,2020
1036,2017
1037,2017
1038,2021
1039,2016
1040,2020
1041,2016
1042,2016
1043,2019
1044,2006
1045,2021
1046,2020
1047,2019
1048,2018
1049,2020
1050,2019
1051,2021
1052,2003
1053,2012
1054,2014
1055,2020
1056,1981
1057,2015
1058,2021
1059,2021
1060,2018
1061,2020
1062,2020
1063,2021
1064,2019
1065,2016
1066,2019
1067,2021
1068,2020
1069,2019
1070,2020
1071,2021
1072,2017
1073,2018
1074,2018
1075,2019
1076,2021
1077,2018
1078,2019
1079,2017
1080,2020
1081,2021
1082,2018
1083,2021
1084,2020
1085,2020
1086,2021
1087,2016
1088,2021
1089,2021
1090,2021
1091,2020
1092,2021
1093,2021
1094,2021
1095,2021
1096,2021
1097,2021
1098,2020
1099,2021
1100,2020
1101,2020
1102,2013
1103,2006
1104,2018
1105,2012
1106,2021
1107,2019
1108,2018
1109,2021
1110,2021
1111,2021
1112,2008
1113,2017
1114,2009
1115,2009
1116,2012
1117,2020
1118,2019
1119,2010
1120,2015
1121,2016
1122,2001
1123,2020
1124,2021
1125,1996
1126,2017
1127,1964
1128,2021
1129,2017
1130,2016
1131,2017
1132,2017
1133,2017
1134,2016
1135,2017
1136,2010
1137,2021
1138,2019
1139,2002
1140,2009
1141,1999
1142,2016
1143,2017
1144,2021
1145,2008
1146,2018
1147,2021
1148,2020
1149,2015
1150,2005
1151,2021
1152,2021
1153,2020
1154,2013
1155,2012
1156,2021
1157,2021
1158,2021
1159,2013
1160,2018
1161,1998
1162,2020
1163,2020
1164,2021
1165,2020
1166,2021
1167,2021
1168,2021
1169,2021
1170,2021
1171,2021
1172,2021
1173,2021
1174,2021
1175,2021
1176,2013
1177,2020
1178,2020
1179,2020
1180,2010
1181,2021
1182,2021
1183,2021
1184,2020
1185,2021
1186,2020
1187,2021
1188,2021
1189,2021
1190,2021
1191,2020
1192,2014
1193,2020
1194,2020
1195,2017
1196,2021
1197,2021
1198,2014
1199,2021
1200,2012
1201,2021
1202,2021
1203,2021
1204,2016
1205,2020
1206,2021
1207,2021
1208,2020
1209,2015
1210,2020
1211,2021
1212,2015
1213,2021
1214,2021
1215,2020
1216,2010
1217,2013
1218,2021
1219,2021
1220,2016
1221,2021
1222,2020
1223,2020
1224,2021
1225,2021
1226,2021
1227,2021
1228,2021
1229,2021
1230,2015
1231,2021
1232,2021
1233,2021
1234,2020
1235,2021
1236,2021
1237,2021
1238,2020
1239,2021
1240,2013
1241,2013
1242,2021
1243,2021
1244,2014
1245,2020
1246,2021
1247,2019
1248,2009
1249,2021
1250,2021
1251,2021
1252,1990
1253,2018
1254,2019
1255,1988
1256,2011
1257,2006
1258,2011
1259,2021
1260,2016
1261,2021
1262,2006
1263,2021
1264,2015
1265,2011
1266,2021
1267,2008
1268,2014
1269,2019
1270,2021
1271,2018
1272,2018
1273,2021
1274,2020
1275,2021
1276,2021
1277,2019
1278,2021
1279,2021
1280,2020
1281,2021
1282,2021
1283,2020
1284,2013
1285,2016
1286,2021
1287,2020
1288,2021
1289,2018
1290,2020
1291,2021
1292,2020
1293,2017
1294,2021
1295,2021
1296,2019
1297,2021
1298,2018
1299,2021
1300,2021
1301,2021
1302,2021
1303,2021
1304,2018
1305,2021
1306,2002
1307,2020
1308,2017
1309,2021
1310,2018
1311,2021
1312,2021
1313,2020
1314,2021
1315,2005
1316,2021
1317,2019
1318,2021
1319,2021
1320,2021
1321,2019
1322,2016
1323,2018
1324,2020
1325,2012
1326,2021
1327,2021
1328,2008
1329,2021
1330,2021
1331,2019
1332,1945
1333,2008
1334,2016
1335,2020
1336,2020
1337,2017
1338,2017
1339,2021
1340,2021
1341,2020
1342,2021
1343,2021
1344,2021
1345,2020
1346,2021
1347,2020
1348,2020
1349,2021
1350,2012
1351,2018
1352,2020
1353,2021
1354,1997
1355,2019
1356,2018
1357,2018
1358,2019
1359,2010
1360,2008
1361,2020
1362,2019
1363,2015
1364,2019
1365,2005
1366,2019
1367,2020
1368,2018
1369,2021
1370,2021
1371,2021
1372,2021
1373,2021
1374,2021
1375,2021
1376,2021
1377,2020
1378,2018
1379,2021
1380,2018
1381,2021
1382,2019
1383,2019
1384,2021
1385,2021
1386,2019
1387,2020
1388,2010
1389,2021
1390,2020
1391,2020
1392,2020
1393,2021
1394,2020
1395,2021
1396,2021
1397,2013
1398,2016
1399,2020
1400,2018
1401,2021
1402,2021
1403,2021
1404,2020
1405,2016
1406,2021
1407,2014
1408,2019
1409,2020
1410,2020
1411,2021
1412,2021
1413,2021
1414,2011
1415,2020
1416,2017
1417,2021
1418,2019
1419,2021
1420,2020
1421,2021
1422,2011
1423,2005
1424,2005
1425,2021
1426,2021
1427,2003
1428,2021
1429,2018
1430,2021
1431,2021
1432,2021
1433,2021
1434,2020
1435,2016
1436,2020
1437,2021
1438,2021
1439,2020
1440,2021
1441,2021
1442,1999
1443,2020
1444,2019
1445,2012
1446,2020
1447,2014
1448,2009
1449,2021
1450,2021
1451,1987
1452,2020
1453,2013
1454,1997
1455,2009
1456,2021
1457,2007
1458,2017
1459,2017
1460,2011
1461,2021
1462,1988
1463,2020
1464,2014
1465,2019
1466,2013
1467,2021
1468,2011
1469,2021
1470,1993
1471,2017
1472,2020
1473,2014
1474,2020
1475,2020
1476,2019
1477,2020
1478,2019
1479,2020
1480,2020
1481,2018
1482,2020
1483,2020
1484,2020
1485,2020
1486,2011
1487,2020
1488,2019
1489,2020
1490,2020
1491,2020
1492,2020
1493,2020
1494,2019
1495,2020
1496,2019
1497,2018
1498,2019
1499,2012
1500,2020
1501,2020
1502,2020
1503,2020
1504,2020
1505,2020
1506,2020
1507,2016
1508,2020
1509,2010
1510,2020
1511,2018
1512,2019
1513,2020
1514,2012
1515,2019
1516,2020
1517,2020
1518,2020
1519,2020
1520,2006
1521,2020
1522,2004
1523,2009
1524,2020
1525,2018
1526,2019
1527,2017
1528,2020
1529,2020
1530,2019
1531,2020
1532,2019
1533,2020
1534,2020
1535,2012
1536,2020
1537,2016
1538,2013
1539,2011
1540,2011
1541,2016
1542,2020
1543,2020
1544,2014
1545,2018
1546,2020
1547,2020
1548,2011
1549,2006
1550,2019
1551,2020
1552,2021
1553,2020
1554,2020
1555,2020
1556,2018
1557,2020
1558,2020
1559,2020
1560,2020
1561,2020
1562,2020
1563,2020
1564,2020
1565,2020
1566,2016
1567,2013
1568,2019
1569,2019
1570,2013
1571,2019
1572,2020
1573,2020
1574,2020
1575,2020
1576,2020
1577,2020
1578,2020
1579,2019
1580,2020
1581,2020
1582,2020
1583,2016
1584,2018
1585,2020
1586,2020
1587,2020
1588,2020
1589,2020
1590,2020
1591,2020
1592,2020
1593,2020
1594,2020
1595,2020
1596,2020
1597,2020
1598,2020
1599,2019
1600,2018
1601,2020
1602,2020
1603,2013
1604,2020
1605,2020
1606,2020
1607,2020
1608,2020
1609,2014
1610,2020
1611,2009
1612,2014
1613,2014
1614,2014
1615,2018
1616,2012
1617,2006
1618,2020
1619,2015
1620,2017
1621,2018
1622,1990
1623,2006
1624,2010
1625,2006
1626,2018
1627,2018
1628,2020
1629,2018
1630,2020
1631,2020
1632,2018
1633,2019
1634,2020
1635,2020
1636,2020
1637,2020
1638,2020
1639,2020
1640,1999
1641,2020
1642,2020
1643,2020
1644,2020
1645,2018
1646,2020
1647,2020
1648,2017
1649,2020
1650,2020
1651,2020
1652,2020
1653,2020
1654,2020
1655,2015
1656,2020
1657,2020
1658,2020
1659,2020
1660,2020
1661,2020
1662,2017
1663,2018
1664,2020
1665,2013
1666,2019
1667,2020
1668,2020
1669,2019
1670,2020
1671,2020
1672,2020
1673,2020
1674,2004
1675,2011
1676,2010
1677,2015
1678,2010
1679,2016
1680,2011
1681,2016
1682,2020
1683,2018
1684,2009
1685,2020
1686,2020
1687,2020
1688,2020
1689,2020
1690,2016
1691,2017
1692,2017
1693,2013
1694,2019
1695,2013
1696,2018
1697,2021
1698,2014
1699,2020
1700,1954
1701,2019
1702,2019
1703,2020
1704,2020
1705,2020
1706,2020
1707,2020
1708,2008
1709,2020
1710,2018
1711,2013
1712,2020
1713,2020
1714,2019
1715,2008
1716,2020
1717,2020
1718,2020
1719,2020
1720,1979
1721,2020
1722,2006
1723,2020
1724,2020
1725,2018
1726,2020
1727,2020
1728,2020
1729,2019
1730,2016
1731,2018
1732,2020
1733,2019
1734,2020
1735,2020
1736,2012
1737,2020
1738,2020
1739,2018
1740,2018
1741,2020
1742,2020
1743,2020
1744,2020
1745,2016
1746,2020
1747,2020
1748,2018
1749,2019
1750,2019
1751,2002
1752,2020
1753,2020
1754,2018
1755,2019
1756,2018
1757,2019
1758,2018
1759,2020
1760,2019
1761,2019
1762,1989
1763,2018
1764,2018
1765,2016
1766,2018
1767,2020
1768,2012
1769,1994
1770,2018
1771,2020
1772,2017
1773,2018
1774,2019
1775,2019
1776,2020
1777,2017
1778,2020
1779,2020
1780,2020
1781,2020
1782,2020
1783,2020
1784,2020
1785,2013
1786,2020
1787,2016
1788,2013
1789,2020
1790,2020
1791,2020
1792,2020
1793,2020
1794,2020
1795,2020
1796,2009
1797,2018
1798,2019
1799,2019
1800,2020
1801,2020
1802,2020
1803,2018
1804,2020
1805,2020
1806,2017
1807,2020
1808,2018
1809,2019
1810,2018
1811,2018
1812,2020
1813,2020
1814,2020
1815,2020
1816,2020
1817,2020
1818,1975
1819,2005
1820,2013
1821,2014
1822,2017
1823,1991
1824,2017
1825,2012
1826,2003
1827,1982
1828,2007
1829,2020
1830,1999
1831,2018
1832,1980
1833,2005
1834,2012
1835,2020
1836,2020
1837,2018
1838,2020
1839,2016
1840,2020
1841,2020
1842,2020
1843,2020
1844,2014
1845,2020
1846,2016
1847,2018
1848,2018
1849,2005
1850,2017
1851,2020
1852,2006
1853,2020
1854,2020
1855,2020
1856,2020
1857,2020
1858,2020
1859,2004
1860,2020
1861,2020
1862,1990
1863,1982
1864,2015
1865,2020
1866,2006
1867,2002
1868,2017
1869,2020
1870,2020
1871,2018
1872,2020
1873,2020
1874,2020
1875,2020
1876,2020
1877,2004
1878,2020
1879,2020
1880,2020
1881,2020
1882,2020
1883,2019
1884,2020
1885,2017
1886,2020
1887,2020
1888,2020
1889,2018
1890,2016
1891,2017
1892,2016
1893,2020
1894,2005
1895,2020
1896,2009
1897,2020
1898,2020
1899,2020
1900,2017
1901,2020
1902,2020
1903,2020
1904,2017
1905,2019
1906,2013
1907,2019
1908,2018
1909,2016
1910,2016
1911,2020
1912,2019
1913,2016
1914,2019
1915,2018
1916,2020
1917,2005
1918,2019
1919,2018
1920,2019
1921,2020
1922,2020
1923,2003
1924,2019
1925,2018
1926,2020
1927,2020
1928,2019
1929,2010
1930,2020
1931,2018
1932,2020
1933,2020
1934,2020
1935,2012
1936,2020
1937,2020
1938,2002
1939,2013
1940,2014
1941,2008
1942,2003
1943,2009
1944,2007
1945,1999
1946,2007
1947,2007
1948,2020
1949,2019
1950,2020
1951,2015
1952,2020
1953,2020
1954,2016
1955,2020
1956,2020
1957,2019
1958,2011
1959,2020
1960,2020
1961,2020
1962,2020
1963,2020
1964,2018
1965,2016
1966,2017
1967,2017
1968,2016
1969,2019
1970,2016
1971,2019
1972,2013
1973,2015
1974,2020
1975,2013
1976,2016
1977,2014
1978,2020
1979,2020
1980,2020
1981,2019
1982,2020
1983,2014
1984,2020
1985,2020
1986,2020
1987,2014
1988,2020
1989,2020
1990,2020
1991,2020
1992,2020
1993,2018
1994,2020
1995,2020
1996,2020
1997,2020
1998,2016
1999,2020
2000,2020
2001,2020
2002,2002
2003,2020
2004,2013
2005,2020
2006,2018
2007,2020
2008,2020
2009,2020
2010,2007
2011,2014
2012,2020
2013,2020
2014,2020
2015,2014
2016,2018
2017,2018
2018,2019
2019,2019
2020,2018
2021,2017
2022,2020
2023,2020
2024,2019
2025,2018
2026,2016
2027,2016
2028,2017
2029,2018
2030,2020
2031,2020
2032,2020
2033,2020
2034,2020
2035,2020
2036,2020
2037,2020
2038,2020
2039,2020
2040,2010
2041,2020
2042,2010
2043,2017
2044,2020
2045,2020
2046,2020
2047,2019
2048,2020
2049,2019
2050,2015
2051,2020
2052,2018
2053,2020
2054,2020
2055,2020
2056,2020
2057,2009
2058,2020
2059,2020
2060,2018
2061,2016
2062,2020
2063,2017
2064,2020
2065,2012
2066,2019
2067,2016
2068,2016
2069,2020
2070,2002
2071,2020
2072,2011
2073,2008
2074,1998
2075,1998
2076,2018
2077,2020
2078,2020
2079,2019
2080,2011
2081,2020
2082,2020
2083,2020
2084,2020
2085,2020
2086,2020
2087,2020
2088,2020
2089,2020
2090,2020
2091,1998
2092,2020
2093,2016
2094,2020
2095,2019
2096,2020
2097,2020
2098,2020
2099,2020
2100,2020
2101,2016
2102,2019
2103,2013
2104,2020
2105,2020
2106,2020
2107,2020
2108,2020
2109,2020
2110,2020
2111,2019
2112,2020
2113,2020
2114,2020
2115,2020
2116,2019
2117,2017
2118,2020
2119,2020
2120,2018
2121,2012
2122,2014
2123,2020
2124,2016
2125,2020
2126,2014
2127,2009
2128,2020
2129,2020
2130,2020
2131,2018
2132,2020
2133,2020
2134,2020
2135,2020
2136,2014
2137,2018
2138,2019
2139,2016
2140,2012
2141,2020
2142,2020
2143,2014
2144,2020
2145,2020
2146,2019
2147,2020
2148,2018
2149,2016
2150,2020
2151,2020
2152,2020
2153,2020
2154,2020
2155,2018
2156,2020
2157,2020
2158,2020
2159,2020
2160,2020
2161,2016
2162,2020
2163,2020
2164,2020
2165,2019
2166,2020
2167,2020
2168,2020
2169,2020
2170,2020
2171,2020
2172,2020
2173,2017
2174,2000
2175,2020
2176,2014
2177,2020
2178,2020
2179,2018
2180,2017
2181,2008
2182,2020
2183,2020
2184,2018
2185,2020
2186,2020
2187,2020
2188,2020
2189,2020
2190,2020
2191,2020
2192,2017
2193,2020
2194,2020
2195,2020
2196,2016
2197,2019
2198,2020
2199,2020
2200,2020
2201,2019
2202,2020
2203,2020
2204,2019
2205,2020
2206,2020
2207,2016
2208,2020
2209,2020
2210,2019
2211,2020
2212,2020
2213,2020
2214,2020
2215,2015
2216,2020
2217,2019
2218,2020
2219,2020
2220,2019
2221,2019
2222,2020
2223,2020
2224,2017
2225,2018
2226,2019
2227,2018
2228,2020
2229,2020
2230,2020
2231,2020
2232,2019
2233,2020
2234,2018
2235,2019
2236,2020
2237,2020
2238,2020
2239,2016
2240,2018
2241,2020
2242,2020
2243,2020
2244,2020
2245,2016
2246,2020
2247,2020
2248,2018
2249,2020
2250,2020
2251,2020
2252,2019
2253,2019
2254,2020
2255,2020
2256,2020
2257,2018
2258,2020
2259,2020
2260,2018
2261,2012
2262,2020
2263,2019
2264,2020
2265,2012
2266,2011
2267,2012
2268,2013
2269,2013
2270,2016
2271,2013
2272,2015
2273,2015
2274,2015
2275,2014
2276,2020
2277,2013
2278,2013
2279,2014
2280,2011
2281,2014
2282,2012
2283,2014
2284,2019
2285,2019
2286,2012
2287,2015
2288,2014
2289,2011
2290,2013
2291,2011
2292,2013
2293,2020
2294,2019
2295,2020
2296,2020
2297,2017
2298,2020
2299,2020
2300,2020
2301,2019
2302,1993
2303,2020
2304,2020
2305,2019
2306,2019
2307,2016
2308,2019
2309,2020
2310,2015
2311,2019
2312,1999
2313,2014
2314,2020
2315,2007
2316,2019
2317,2019
2318,1990
2319,2004
2320,2020
2321,2020
2322,2020
2323,2020
2324,2011
2325,2020
2326,2019
2327,2019
2328,2020
2329,2020
2330,2020
2331,2020
2332,2020
2333,2019
2334,2016
2335,2019
2336,2019
2337,2019
2338,2020
2339,2020
2340,2015
2341,2006
2342,2020
2343,2020
2344,2020
2345,2020
2346,2020
2347,2020
2348,2020
2349,2017
2350,2020
2351,2017
2352,2019
2353,2020
2354,2020
2355,1997
2356,2020
2357,2020
2358,2020
2359,2020
2360,2020
2361,2020
2362,1994
2363,2020
2364,2020
2365,2020
2366,1979
2367,1989
2368,1982
2369,1958
2370,1956
2371,2020
2372,2019
2373,2020
2374,1963
2375,2010
2376,1954
2377,1970
2378,2014
2379,2020
2380,2018
2381,2020
2382,2012
2383,2016
2384,2015
2385,2019
2386,2013
2387,2019
2388,2019
2389,2020
2390,2020
2391,2020
2392,2020
2393,2020
2394,2020
2395,2020
2396,2020
2397,2020
2398,2020
2399,2018
2400,2002
2401,2020
2402,2020
2403,2014
2404,2008
2405,2020
2406,2020
2407,2020
2408,2009
2409,2018
2410,2020
2411,2018
2412,2017
2413,2020
2414,2020
2415,2018
2416,2018
2417,2020
2418,2020
2419,2016
2420,2014
2421,2020
2422,2019
2423,2020
2424,2019
2425,2020
2426,2010
2427,2020
2428,2017
2429,2017
2430,2007
2431,2017
2432,2020
2433,2019
2434,2008
2435,2006
2436,2006
2437,2009
2438,2012
2439,2008
2440,2004
2441,2020
2442,2006
2443,2011
2444,2019
2445,1999
2446,2020
2447,2017
2448,2016
2449,2019
2450,2018
2451,2014
2452,2018
2453,2017
2454,2017
2455,2017
2456,2016
2457,2019
2458,2018
2459,2020
2460,2020
2461,1999
2462,2018
2463,2020
2464,2014
2465,2015
2466,2020
2467,2016
2468,2019
2469,2020
2470,2019
2471,2019
2472,2019
2473,2020
2474,2019
2475,2020
2476,2020
2477,2020
2478,2019
2479,2018
2480,2020
2481,2020
2482,2018
2483,1981
2484,1996
2485,1982
2486,2019
2487,2020
2488,1979
2489,1984
2490,1985
2491,1981
2492,1973
2493,1976
2494,2010
2495,2020
2496,2020
2497,2014
2498,2010
2499,2020
2500,2020
2501,2020
2502,2006
2503,2009
2504,2012
2505,2007
2506,2008
2507,2009
2508,2020
2509,2020
2510,2006
2511,2004
2512,2012
2513,2005
2514,2019
2515,2020
2516,2020
2517,2019
2518,2009
2519,2009
2520,2007
2521,2017
2522,2019
2523,2020
2524,2019
2525,2020
2526,2014
2527,2020
2528,2020
2529,2019
2530,2015
2531,2020
2532,2018
2533,2019
2534,2018
2535,2020
2536,2017
2537,2018
2538,2018
2539,2018
2540,2012
2541,2020
2542,2019
2543,2020
2544,2020
2545,2010
2546,1994
2547,2019
2548,2020
2549,2020
2550,2020
2551,2020
2552,2020
2553,2020
2554,2020
2555,2020
2556,2016
2557,2019
2558,2020
2559,2018
2560,2020
2561,2020
2562,2020
2563,2019
2564,2020
2565,2019
2566,2020
2567,2019
2568,2020
2569,2015
2570,2020
2571,2019
2572,2013
2573,2020
2574,2020
2575,2015
2576,2009
2577,2020
2578,2018
2579,2019
2580,2020
2581,2020
2582,2013
2583,2008
2584,2019
2585,2012
2586,2019
2587,2014
2588,2020
2589,2020
2590,2020
2591,2019
2592,2020
2593,2007
2594,2020
2595,2020
2596,2020
2597,2003
2598,2020
2599,2020
2600,2019
2601,2019
2602,2020
2603,2020
2604,2020
2605,2020
2606,2016
2607,2020
2608,2019
2609,2020
2610,2020
2611,2019
2612,2017
2613,2006
2614,2016
2615,2008
2616,2011
2617,2016
2618,2017
2619,2016
2620,2010
2621,2009
2622,2005
2623,2019
2624,2012
2625,2019
2626,2020
2627,2020
2628,2020
2629,2020
2630,2020
2631,2010
2632,2017
2633,2005
2634,2006
2635,2011
2636,2010
2637,2009
2638,2008
2639,2009
2640,2019
2641,2020
2642,2011
2643,2019
2644,2020
2645,2020
2646,2020
2647,2016
2648,2019
2649,2020
2650,2019
2651,2020
2652,2020
2653,2020
2654,2018
2655,2019
2656,2019
2657,2020
2658,2020
2659,2006
2660,2020
2661,2018
2662,2020
2663,2020
2664,2020
2665,2019
2666,2020
2667,2020
2668,2018
2669,2020
2670,2020
2671,2020
2672,2020
2673,2020
2674,2019
2675,2019
2676,2020
2677,2020
2678,2016
2679,2015
2680,2020
2681,2015
2682,2019
2683,2018
2684,2019
2685,2020
2686,2020
2687,2020
2688,2018
2689,2018
2690,2019
2691,2019
2692,2020
2693,2020
2694,2020
2695,2019
2696,2020
2697,2019
2698,2020
2699,2019
2700,2020
2701,2019
2702,2010
2703,2017
2704,2019
2705,2017
2706,2019
2707,2017
2708,2019
2709,2013
2710,2020
2711,2019
2712,2020
2713,2017
2714,2020
2715,2019
2716,1990
2717,2015
2718,2012
2719,2015
2720,2020
2721,2008
2722,1984
2723,1998
2724,1980
2725,2013
2726,1993
2727,2014
2728,2020
2729,2014
2730,2005
2731,2006
2732,2001
2733,2003
2734,2016
2735,1998
2736,2015
2737,2020
2738,2014
2739,1987
2740,2019
2741,1986
2742,2020
2743,2020
2744,2020
2745,2017
2746,2010
2747,2020
2748,2014
2749,2020
2750,2018
2751,2020
2752,2019
2753,2019
2754,2020
2755,2016
2756,2017
2757,2019
2758,2018
2759,2019
2760,2019
2761,2020
2762,2020
2763,2019
2764,2020
2765,2019
2766,2019
2767,2020
2768,2020
2769,2020
2770,2019
2771,2020
2772,2020
2773,2020
2774,2019
2775,2020
2776,2019
2777,2020
2778,2020
2779,2019
2780,2020
2781,2018
2782,2020
2783,2020
2784,2020
2785,2020
2786,2020
2787,2020
2788,2020
2789,2020
2790,2017
2791,2020
2792,2020
2793,2020
2794,2020
2795,2020
2796,2020
2797,2020
2798,2020
2799,2019
2800,2020
2801,2020
2802,2017
2803,2020
2804,2017
2805,2019
2806,2016
2807,2020
2808,2020
2809,2018
2810,2014
2811,2019
2812,2019
2813,2019
2814,2019
2815,2019
2816,2020
2817,2020
2818,2018
2819,2020
2820,2020
2821,2019
2822,2020
2823,2020
2824,2019
2825,2020
2826,2020
2827,2020
2828,2020
2829,2020
2830,2020
2831,2020
2832,2017
2833,2017
2834,2020
2835,2019
2836,2019
2837,2020
2838,2020
2839,2020
2840,2016
2841,2020
2842,2020
2843,2019
2844,2010
2845,2019
2846,2005
2847,2016
2848,2018
2849,2019
2850,2020
2851,2019
2852,2019
2853,2011
2854,2020
2855,2014
2856,2020
2857,2019
2858,2020
2859,2019
2860,2016
2861,2011
2862,2016
2863,2017
2864,2007
2865,2020
2866,2018
2867,2019
2868,2020
2869,2019
2870,2019
2871,2020
2872,2019
2873,2020
2874,2020
2875,2020
2876,2020
2877,2019
2878,2020
2879,2016
2880,2015
2881,2020
2882,2015
2883,2016
2884,2020
2885,2015
2886,2014
2887,2020
2888,2019
2889,2020
2890,2019
2891,2018
2892,2020
2893,2020
2894,2020
2895,2020
2896,2020
2897,2019
2898,2020
2899,2020
2900,2012
2901,2020
2902,2018
2903,2008
2904,2015
2905,2019
2906,2015
2907,2017
2908,2016
2909,2016
2910,2017
2911,2017
2912,2019
2913,2019
2914,2017
2915,2020
2916,2010
2917,2019
2918,2020
2919,2018
2920,2019
2921,2021
2922,2020
2923,2019
2924,2019
2925,2015
2926,2020
2927,2018
2928,2020
2929,2017
2930,2020
2931,2019
2932,2018
2933,2018
2934,2019
2935,2019
2936,2019
2937,2018
2938,2020
2939,2018
2940,2020
2941,2019
2942,2020
2943,2020
2944,2017
2945,2020
2946,2020
2947,2014
2948,2019
2949,2020
2950,2020
2951,2020
2952,2019
2953,2020
2954,2020
2955,2019
2956,2020
2957,2016
2958,1994
2959,2015
2960,2020
2961,2017
2962,2018
2963,2019
2964,2019
2965,2020
2966,2014
2967,2018
2968,2014
2969,2019
2970,1999
2971,2020
2972,2020
2973,2016
2974,2017
2975,2020
2976,2020
2977,2020
2978,2019
2979,2009
2980,2020
2981,2020
2982,2018
2983,2020
2984,2020
2985,2020
2986,2020
2987,2019
2988,2020
2989,2017
2990,2019
2991,2015
2992,2020
2993,2017
2994,2020
2995,2020
2996,2020
2997,2020
2998,2020
2999,2020
3000,2020
3001,2020
3002,2019
3003,2004
3004,2020
3005,2019
3006,2011
3007,2019
3008,2020
3009,2013
3010,2020
3011,2020
3012,2020
3013,2020
3014,2019
3015,2019
3016,2020
3017,2011
3018,2019
3019,2015
3020,2019
3021,2008
3022,2015
3023,2018
3024,2019
3025,2020
3026,2017
3027,2019
3028,2020
3029,2018
3030,2019
3031,2020
3032,2018
3033,2019
3034,2020
3035,2019
3036,2020
3037,2020
3038,2020
3039,2014
3040,2020
3041,2020
3042,2020
3043,2020
3044,2017
3045,2020
3046,2020
3047,2020
3048,2019
3049,2017
3050,2020
3051,2019
3052,2018
3053,2017
3054,2018
3055,2014
3056,2018
3057,2019
3058,2007
3059,2008
3060,2009
3061,2020
3062,2015
3063,2001
3064,2017
3065,2019
3066,2020
3067,2017
3068,2020
3069,2006
3070,2018
3071,2017
3072,2015
3073,2015
3074,2009
3075,2017
3076,2020
3077,2017
3078,2019
3079,2019
3080,2019
3081,2019
3082,2019
3083,2019
3084,2018
3085,2016
3086,2018
3087,2019
3088,2019
3089,2019
3090,2019
3091,2013
3092,2018
3093,2019
3094,2018
3095,2019
3096,2019
3097,2019
3098,2019
3099,2017
3100,2019
3101,2019
3102,2017
3103,2019
3104,2019
3105,2019
3106,2019
3107,2019
3108,2019
3109,2012
3110,2019
3111,2017
3112,2019
3113,2014
3114,2018
3115,2015
3116,2015
3117,2019
3118,2019
3119,2019
3120,2019
3121,2019
3122,2019
3123,2019
3124,2019
3125,2018
3126,2015
3127,2015
3128,2016
3129,2015
3130,2019
3131,2018
3132,2001
3133,2015
3134,2006
3135,2011
3136,2013
3137,2011
3138,2012
3139,2019
3140,2007
3141,2017
3142,2010
3143,2004
3144,2009
3145,2017
3146,2008
3147,2012
3148,2012
3149,2005
3150,2011
3151,2019
3152,2016
3153,2017
3154,2016
3155,2018
3156,2019
3157,2018
3158,2019
3159,2019
3160,2017
3161,2019
3162,2019
3163,2017
3164,2019
3165,2019
3166,2019
3167,2017
3168,2017
3169,2020
3170,2019
3171,2017
3172,2017
3173,2019
3174,2019
3175,2019
3176,2019
3177,2019
3178,2019
3179,2016
3180,2017
3181,2019
3182,2019
3183,2019
3184,2019
3185,2019
3186,2019
3187,2019
3188,2018
3189,2019
3190,2019
3191,2014
3192,2019
3193,2018
3194,2019
3195,2019
3196,2017
3197,2016
3198,2017
3199,2018
3200,2016
3201,2019
3202,2017
3203,2019
3204,2015
3205,2019
3206,2019
3207,2019
3208,2019
3209,2019
3210,2018
3211,2019
3212,2016
3213,2019
3214,2018
3215,2018
3216,2017
3217,2019
3218,2018
3219,2019
3220,2019
3221,2019
3222,2019
3223,2019
3224,2008
3225,2019
3226,2019
3227,2019
3228,2019
3229,2019
3230,2019
3231,2015
3232,2019
3233,2019
3234,2019
3235,2019
3236,2017
3237,2019
3238,2019
3239,2019
3240,2015
3241,2008
3242,2019
3243,2019
3244,2019
3245,2019
3246,2019
3247,2019
3248,2019
3249,2019
3250,2019
3251,2019
3252,2019
3253,2019
3254,2019
3255,2019
3256,2019
3257,2019
3258,2019
3259,2019
3260,2019
3261,2014
3262,2015
3263,2013
3264,2003
3265,2019
3266,2019
3267,2019
3268,2019
3269,2019
3270,2019
3271,2013
3272,2010
3273,2011
3274,2019
3275,2004
3276,2019
3277,2002
3278,2017
3279,2018
3280,2019
3281,2013
3282,2019
3283,2019
3284,2019
3285,2003
3286,2019
3287,2019
3288,2020
3289,2019
3290,2019
3291,2009
3292,2019
3293,2019
3294,2019
3295,2019
3296,2019
3297,2019
3298,2019
3299,2019
3300,2016
3301,2019
3302,2019
3303,2018
3304,2019
3305,2014
3306,2019
3307,2019
3308,2017
3309,2019
3310,2019
3311,2016
3312,2016
3313,2019
3314,2019
3315,2014
3316,2014
3317,2015
3318,2012
3319,2017
3320,2017
3321,2013
3322,2016
3323,2015
3324,2010
3325,2015
3326,2013
3327,2019
3328,2015
3329,2018
3330,2019
3331,2016
3332,2017
3333,2018
3334,2008
3335,2019
3336,2019
3337,2015
3338,2019
3339,2018
3340,2014
3341,2010
3342,2016
3343,2019
3344,2019
3345,2019
3346,2019
3347,2019
3348,2019
3349,2019
3350,2007
3351,2019
3352,2006
3353,2019
3354,2016
3355,2019
3356,2019
3357,2019
3358,2019
3359,2016
3360,2019
3361,2017
3362,2019
3363,2019
3364,2018
3365,2019
3366,2019
3367,2018
3368,2019
3369,2019
3370,2020
3371,2019
3372,2014
3373,2019
3374,2019
3375,2019
3376,2018
3377,2019
3378,2019
3379,2019
3380,2019
3381,2018
3382,2019
3383,2019
3384,2019
3385,2019
3386,2019
3387,2019
3388,2018
3389,2019
3390,2016
3391,2019
3392,2018
3393,2017
3394,2019
3395,2019
3396,2019
3397,2019
3398,2019
3399,2019
3400,2018
3401,2019
3402,2019
3403,2017
3404,2019
3405,2017
3406,2019
3407,2019
3408,2017
3409,2019
3410,2019
3411,2017
3412,2018
3413,2019
3414,2017
3415,2019
3416,2019
3417,2016
3418,2019
3419,2019
3420,2019
3421,2015
3422,2015
3423,2018
3424,2014
3425,2019
3426,2019
3427,2019
3428,2017
3429,2019
3430,2019
3431,2019
3432,2019
3433,2019
3434,2020
3435,2019
3436,2018
3437,2019
3438,2019
3439,2019
3440,2019
3441,2019
3442,2019
3443,2019
3444,2018
3445,2019
3446,2019
3447,2019
3448,2016
3449,2019
3450,2019
3451,2019
3452,2019
3453,2019
3454,2019
3455,2019
3456,2019
3457,2019
3458,2019
3459,2019
3460,2019
3461,2018
3462,2016
3463,2017
3464,2018
3465,2018
3466,2018
3467,2018
3468,2017
3469,2017
3470,2019
3471,2018
3472,2019
3473,2000
3474,2016
3475,2017
3476,1998
3477,2005
3478,2019
3479,2019
3480,2019
3481,2019
3482,2019
3483,2018
3484,2019
3485,2019
3486,2019
3487,2019
3488,2013
3489,2018
3490,2019
3491,2019
3492,2019
3493,2019
3494,2019
3495,2019
3496,2019
3497,2019
3498,2018
3499,2009
3500,2019
3501,2019
3502,2019
3503,2019
3504,2019
3505,2019
3506,2019
3507,2019
3508,2018
3509,2019
3510,2019
3511,2019
3512,2019
3513,2012
3514,2019
3515,2006
3516,2019
3517,2019
3518,2019
3519,2019
3520,2019
3521,2018
3522,2019
3523,2019
3524,2019
3525,2019
3526,2019
3527,2019
3528,2019
3529,2019
3530,2019
3531,2019
3532,2018
3533,2018
3534,2019
3535,2019
3536,2019
3537,2016
3538,2019
3539,2012
3540,2016
3541,2018
3542,2006
3543,2014
3544,2018
3545,2004
3546,2019
3547,2018
3548,2019
3549,2018
3550,2019
3551,2019
3552,2019
3553,2018
3554,2019
3555,2018
3556,2019
3557,2019
3558,2019
3559,2019
3560,2019
3561,2016
3562,2019
3563,2019
3564,2019
3565,2018
3566,2019
3567,2019
3568,2019
3569,2019
3570,2019
3571,2019
3572,2019
3573,2018
3574,2019
3575,2019
3576,2019
3577,2019
3578,2019
3579,2019
3580,2019
3581,2019
3582,2019
3583,2015
3584,2019
3585,2019
3586,2019
3587,2019
3588,2018
3589,2019
3590,2019
3591,2019
3592,2019
3593,2019
3594,2019
3595,2019
3596,2019
3597,2018
3598,2019
3599,2019
3600,2019
3601,2019
3602,2019
3603,2018
3604,2019
3605,2019
3606,2019
3607,2014
3608,2019
3609,2019
3610,2015
3611,2013
3612,2014
3613,2015
3614,2014
3615,2012
3616,2019
3617,2019
3618,2016
3619,2015
3620,2015
3621,2014
3622,2018
3623,2016
3624,2019
3625,2019
3626,2017
3627,2017
3628,2019
3629,2019
3630,2019
3631,2019
3632,2018
3633,2019
3634,2019
3635,2019
3636,2019
3637,2019
3638,2018
3639,2019
3640,2019
3641,2019
3642,2019
3643,2019
3644,2019
3645,2018
3646,2018
3647,2018
3648,2008
3649,2013
3650,2004
3651,2007
3652,2019
3653,2019
3654,2019
3655,2019
3656,2019
3657,2019
3658,2019
3659,2018
3660,2019
3661,2019
3662,2018
3663,2019
3664,2010
3665,2011
3666,2015
3667,2017
3668,2019
3669,2019
3670,2019
3671,2018
3672,2019
3673,2019
3674,2019
3675,2019
3676,2019
3677,2017
3678,2019
3679,2019
3680,2019
3681,2019
3682,2019
3683,2019
3684,2016
3685,2019
3686,2019
3687,2019
3688,2019
3689,2019
3690,2019
3691,2019
3692,2008
3693,2018
3694,2019
3695,2015
3696,2018
3697,2018
3698,2013
3699,2019
3700,2019
3701,2011
3702,2019
3703,2019
3704,2018
3705,2019
3706,2019
3707,2017
3708,2019
3709,2018
3710,2019
3711,2019
3712,2019
3713,2018
3714,2012
3715,2019
3716,2019
3717,2019
3718,2019
3719,2019
3720,2019
3721,1998
3722,2019
3723,2019
3724,2013
3725,1995
3726,2018
3727,2019
3728,2019
3729,1997
3730,2019
3731,2019
3732,2019
3733,2019
3734,2019
3735,2015
3736,2018
3737,2012
3738,2014
3739,2019
3740,2019
3741,2018
3742,2011
3743,2019
3744,2019
3745,2017
3746,2019
3747,2019
3748,2019
3749,2019
3750,2019
3751,2019
3752,2018
3753,2019
3754,2019
3755,2019
3756,2019
3757,2019
3758,2019
3759,2019
3760,2019
3761,2011
3762,2018
3763,2019
3764,2019
3765,2019
3766,2019
3767,2019
3768,2019
3769,2018
3770,2019
3771,2019
3772,2019
3773,2019
3774,2016
3775,2019
3776,2015
3777,2019
3778,2014
3779,2019
3780,2019
3781,2019
3782,2019
3783,2019
3784,2017
3785,2017
3786,2019
3787,2019
3788,2019
3789,2019
3790,2019
3791,2019
3792,2019
3793,2019
3794,2019
3795,2019
3796,2019
3797,2017
3798,2019
3799,2019
3800,2018
3801,2019
3802,2019
3803,2019
3804,2019
3805,2018
3806,2019
3807,2019
3808,2018
3809,2019
3810,2014
3811,2016
3812,2018
3813,2019
3814,2019
3815,2019
3816,2019
3817,2019
3818,2019
3819,2019
3820,2018
3821,2019
3822,2017
3823,2018
3824,2017
3825,2019
3826,2019
3827,2018
3828,2019
3829,2018
3830,2019
3831,2018
3832,2019
3833,2018
3834,2019
3835,2011
3836,2019
3837,2018
3838,2019
3839,2019
3840,2016
3841,2019
3842,2019
3843,2018
3844,2015
3845,2016
3846,2016
3847,2015
3848,2015
3849,2016
3850,2015
3851,2016
3852,2016
3853,2019
3854,2019
3855,2019
3856,2019
3857,2019
3858,2019
3859,2019
3860,2019
3861,2019
3862,2019
3863,2019
3864,2019
3865,2019
3866,2018
3867,2019
3868,2019
3869,2018
3870,2013
3871,2008
3872,2018
3873,2019
3874,2018
3875,2019
3876,2019
3877,2014
3878,2019
3879,2018
3880,2018
3881,2013
3882,2009
3883,2012
3884,2004
3885,2018
3886,2018
3887,2018
3888,2019
3889,2019
3890,2019
3891,2018
3892,2019
3893,2019
3894,2015
3895,2018
3896,2019
3897,2019
3898,2005
3899,2019
3900,2019
3901,2017
3902,2019
3903,2019
3904,2019
3905,2019
3906,2014
3907,2019
3908,2019
3909,2013
3910,2019
3911,2001
3912,2005
3913,2018
3914,2003
3915,2003
3916,2003
3917,2018
3918,2005
3919,2016
3920,2018
3921,2019
3922,2019
3923,2014
3924,2013
3925,2019
3926,2019
3927,2019
3928,2018
3929,2019
3930,2019
3931,2019
3932,2019
3933,2018
3934,2019
3935,2017
3936,2019
3937,2015
3938,2017
3939,2019
3940,2019
3941,2019
3942,2017
3943,2019
3944,2019
3945,2019
3946,2019
3947,2019
3948,2019
3949,2018
3950,2018
3951,2019
3952,2015
3953,2019
3954,2018
3955,2016
3956,2018
3957,2013
3958,2017
3959,2019
3960,2019
3961,2018
3962,2017
3963,2019
3964,2019
3965,2019
3966,2019
3967,2019
3968,2019
3969,2018
3970,2019
3971,2018
3972,2018
3973,2017
3974,2008
3975,2019
3976,2018
3977,2018
3978,2018
3979,2017
3980,2019
3981,2019
3982,2019
3983,2018
3984,2019
3985,2018
3986,2019
3987,2019
3988,2019
3989,2007
3990,2019
3991,2014
3992,2016
3993,2016
3994,2016
3995,2016
3996,2019
3997,2018
3998,2018
3999,2019
4000,2019
4001,2014
4002,2019
4003,2018
4004,2017
4005,2019
4006,2018
4007,2018
4008,2006
4009,2011
4010,2012
4011,2008
4012,2018
4013,2018
4014,2018
4015,2018
4016,2019
4017,2019
4018,2007
4019,2016
4020,2016
4021,2017
4022,2017
4023,2018
4024,2018
4025,2019
4026,2019
4027,2018
4028,2017
4029,2018
4030,2018
4031,2018
4032,2018
4033,2018
4034,2019
4035,2019
4036,2018
4037,2019
4038,2018
4039,2012
4040,2014
4041,2015
4042,2015
4043,2016
4044,2016
4045,2017
4046,2019
4047,2015
4048,2011
4049,2018
4050,2018
4051,2018
4052,2018
4053,2018
4054,2018
4055,2019
4056,2019
4057,2019
4058,2019
4059,2014
4060,2018
4061,2012
4062,2018
4063,2019
4064,2018
4065,2018
4066,2008
4067,2018
4068,2018
4069,2015
4070,2015
4071,2014
4072,2017
4073,2018
4074,2013
4075,2013
4076,2017
4077,2014
4078,2015
4079,2012
4080,2018
4081,2006
4082,2018
4083,2018
4084,2016
4085,2019
4086,2019
4087,2019
4088,2019
4089,2018
4090,2018
4091,2018
4092,2018
4093,2001
4094,2017
4095,2018
4096,2015
4097,2018
4098,2018
4099,2017
4100,2018
4101,2012
4102,2017
4103,2004
4104,2012
4105,2015
4106,2019
4107,2018
4108,2006
4109,2002
4110,2019
4111,2018
4112,2017
4113,2008
4114,2018
4115,2018
4116,2019
4117,2018
4118,2018
4119,2018
4120,2018
4121,2019
4122,2019
4123,2019
4124,2019
4125,2018
4126,2017
4127,2018
4128,2018
4129,2019
4130,2018
4131,2018
4132,2018
4133,2019
4134,2018
4135,2017
4136,2016
4137,2018
4138,2019
4139,2014
4140,2018
4141,2017
4142,2018
4143,2019
4144,2018
4145,2018
4146,2019
4147,2019
4148,2018
4149,2017
4150,2018
4151,2010
4152,2010
4153,2017
4154,2019
4155,2018
4156,2018
4157,2018
4158,2012
4159,2018
4160,2016
4161,2015
4162,2017
4163,2018
4164,2018
4165,2018
4166,2018
4167,2018
4168,2019
4169,2019
4170,2018
4171,2019
4172,2017
4173,2019
4174,2018
4175,2017
4176,2019
4177,2019
4178,2019
4179,2019
4180,2017
4181,2018
4182,2019
4183,2018
4184,2019
4185,2019
4186,2017
4187,2016
4188,2018
4189,2018
4190,2002
4191,2017
4192,2018
4193,2018
4194,2019
4195,2016
4196,2017
4197,2016
4198,2018
4199,2017
4200,2018
4201,2019
4202,2018
4203,2019
4204,2019
4205,2018
4206,2019
4207,2017
4208,2018
4209,2018
4210,2018
4211,2018
4212,1999
4213,2018
4214,2018
4215,2018
4216,2017
4217,2013
4218,1975
4219,2019
4220,2015
4221,2019
4222,2018
4223,2012
4224,2017
4225,2017
4226,2017
4227,2018
4228,2019
4229,2010
4230,1991
4231,2015
4232,1992
4233,1993
4234,1989
4235,2013
4236,2008
4237,2016
4238,1987
4239,1991
4240,1991
4241,2016
4242,2018
4243,2018
4244,2018
4245,1990
4246,1991
4247,2011
4248,2008
4249,2012
4250,2011
4251,1925
4252,2018
4253,2018
4254,2018
4255,2015
4256,2012
4257,2018
4258,2018
4259,2018
4260,2018
4261,2018
4262,2011
4263,2018
4264,2018
4265,2018
4266,2018
4267,2018
4268,2018
4269,2018
4270,2017
4271,2018
4272,2017
4273,2016
4274,2018
4275,2018
4276,2018
4277,2018
4278,2011
4279,2018
4280,2015
4281,2012
4282,2015
4283,2014
4284,2018
4285,2018
4286,2018
4287,2018
4288,2018
4289,2018
4290,2014
4291,2011
4292,2014
4293,2014
4294,2018
4295,2014
4296,2018
4297,2018
4298,2017
4299,2018
4300,2018
4301,2018
4302,2018
4303,2017
4304,2018
4305,2018
4306,2018
4307,2018
4308,2018
4309,2018
4310,2018
4311,2018
4312,2018
4313,2018
4314,2018
4315,2018
4316,2018
4317,2018
4318,2018
4319,2018
4320,2018
4321,2018
4322,2018
4323,2018
4324,2018
4325,2018
4326,2018
4327,2018
4328,2018
4329,2018
4330,2011
4331,2009
4332,2018
4333,2018
4334,2013
4335,2014
4336,2014
4337,2018
4338,2011
4339,2014
4340,2015
4341,2017
4342,2015
4343,2016
4344,2009
4345,2018
4346,2010
4347,2017
4348,2017
4349,2013
4350,2008
4351,2018
4352,2018
4353,2018
4354,2018
4355,2018
4356,2018
4357,2018
4358,2018
4359,2018
4360,2018
4361,2018
4362,2018
4363,2018
4364,2015
4365,2018
4366,2018
4367,2018
4368,2018
4369,2018
4370,2018
4371,2018
4372,2018
4373,2017
4374,2018
4375,2018
4376,2018
4377,2018
4378,2018
4379,2007
4380,2017
4381,2016
4382,2016
4383,2018
4384,2018
4385,2018
4386,2018
4387,2018
4388,2018
4389,2018
4390,2017
4391,2017
4392,2018
4393,2018
4394,2015
4395,2018
4396,2018
4397,2017
4398,2018
4399,2018
4400,2018
4401,2017
4402,2009
4403,2017
4404,2018
4405,2018
4406,2018
4407,2018
4408,2018
4409,2018
4410,2017
4411,2017
4412,2018
4413,2018
4414,2003
4415,2018
4416,2018
4417,2018
4418,2018
4419,2018
4420,2018
4421,2009
4422,2008
4423,2015
4424,2013
4425,2011
4426,2018
4427,2012
4428,2010
4429,2018
4430,2006
4431,2015
4432,2007
4433,2009
4434,2010
4435,2018
4436,2017
4437,2018
4438,2015
4439,2013
4440,2012
4441,2007
4442,2012
4443,2013
4444,2012
4445,2013
4446,2013
4447,2012
4448,2006
4449,2015
4450,2007
4451,2013
4452,2008
4453,2014
4454,2011
4455,2008
4456,2010
4457,2014
4458,2013
4459,2013
4460,2014
4461,2015
4462,2012
4463,2017
4464,2016
4465,2008
4466,2014
4467,2011
4468,2018
4469,2015
4470,2018
4471,2006
4472,2018
4473,2018
4474,2018
4475,2018
4476,2018
4477,2018
4478,2018
4479,2009
4480,2017
4481,2018
4482,2015
4483,2018
4484,2018
4485,2018
4486,2017
4487,2018
4488,2018
4489,2017
4490,2018
4491,2018
4492,2018
4493,2018
4494,2018
4495,2018
4496,2018
4497,2013
4498,2018
4499,2017
4500,2016
4501,2018
4502,2018
4503,2018
4504,2012
4505,2018
4506,2018
4507,2017
4508,2018
4509,2018
4510,2018
4511,2018
4512,2018
4513,2018
4514,2018
4515,2018
4516,2018
4517,2018
4518,2018
4519,2018
4520,2018
4521,2018
4522,2018
4523,2018
4524,2018
4525,2018
4526,2018
4527,2018
4528,2017
4529,2018
4530,2018
4531,2018
4532,2018
4533,2018
4534,2018
4535,2018
4536,2018
4537,2018
4538,2017
4539,2017
4540,2017
4541,2012
4542,2018
4543,2014
4544,2008
4545,2014
4546,2000
4547,1998
4548,1982
4549,2014
4550,2009
4551,1972
4552,1974
4553,1979
4554,2005
4555,1989
4556,2013
4557,2016
4558,2017
4559,2009
4560,2014
4561,2016
4562,2009
4563,2009
4564,2014
4565,2017
4566,2012
4567,2018
4568,2013
4569,2014
4570,2009
4571,2018
4572,2017
4573,2014
4574,2008
4575,2015
4576,2009
4577,2018
4578,2014
4579,2009
4580,2008
4581,2009
4582,2016
4583,2012
4584,2005
4585,2017
4586,2016
4587,2012
4588,2011
4589,2011
4590,2018
4591,2018
4592,2009
4593,2014
4594,2013
4595,2013
4596,2016
4597,2016
4598,2015
4599,2014
4600,2013
4601,2008
4602,2013
4603,2015
4604,2017
4605,2016
4606,2012
4607,2018
4608,2013
4609,2018
4610,2016
4611,2010
4612,2012
4613,2009
4614,2010
4615,2015
4616,2016
4617,2012
4618,2018
4619,2018
4620,2018
4621,2018
4622,2018
4623,2018
4624,2018
4625,2018
4626,2018
4627,2018
4628,2018
4629,2018
4630,2018
4631,2018
4632,2018
4633,2018
4634,2014
4635,2016
4636,2017
4637,2018
4638,2018
4639,2018
4640,2018
4641,2018
4642,2018
4643,2018
4644,2018
4645,2018
4646,2018
4647,2018
4648,2018
4649,2018
4650,2018
4651,2004
4652,2013
4653,2016
4654,2018
4655,2018
4656,2018
4657,2018
4658,2018
4659,2018
4660,2018
4661,2014
4662,2018
4663,2018
4664,2018
4665,2018
4666,2017
4667,2018
4668,2018
4669,2017
4670,2018
4671,2018
4672,2017
4673,2017
4674,2018
4675,2018
4676,2018
4677,2018
4678,2018
4679,2017
4680,2017
4681,2017
4682,2017
4683,2018
4684,2012
4685,2018
4686,2018
4687,1998
4688,2018
4689,2018
4690,2018
4691,2017
4692,2017
4693,2017
4694,2018
4695,2017
4696,2018
4697,2018
4698,2017
4699,2018
4700,2018
4701,2018
4702,2015
4703,2018
4704,2018
4705,2018
4706,2018
4707,2018
4708,2018
4709,2018
4710,2018
4711,2018
4712,2018
4713,2014
4714,2016
4715,2018
4716,2018
4717,2018
4718,2018
4719,2018
4720,2011
4721,2011
4722,2008
4723,2016
4724,2000
4725,2010
4726,2014
4727,2014
4728,2010
4729,2012
4730,2009
4731,2016
4732,2010
4733,2006
4734,2012
4735,2015
4736,2012
4737,2011
4738,2005
4739,2018
4740,2018
4741,2017
4742,2018
4743,2018
4744,2018
4745,2018
4746,2005
4747,2012
4748,2007
4749,2017
4750,2018
4751,2018
4752,2018
4753,2018
4754,2018
4755,2018
4756,2018
4757,2018
4758,2018
4759,2018
4760,2018
4761,2018
4762,2018
4763,2018
4764,2018
4765,2018
4766,2018
4767,2018
4768,2018
4769,2018
4770,2018
4771,2018
4772,2018
4773,2018
4774,2018
4775,2018
4776,2018
4777,2017
4778,2018
4779,2018
4780,2018
4781,2018
4782,2018
4783,2018
4784,2018
4785,2018
4786,2013
4787,2012
4788,2012
4789,2012
4790,2018
4791,2006
4792,2013
4793,2003
4794,2013
4795,2018
4796,2010
4797,2018
4798,2007
4799,2017
4800,2015
4801,2010
4802,2017
4803,2018
4804,2012
4805,2017
4806,2017
4807,2018
4808,2018
4809,2018
4810,2018
4811,2018
4812,2018
4813,2018
4814,2017
4815,2018
4816,2018
4817,2014
4818,2018
4819,2018
4820,2016
4821,2018
4822,2018
4823,2018
4824,2018
4825,2018
4826,2018
4827,2018
4828,2017
4829,2018
4830,2017
4831,2017
4832,2018
4833,2018
4834,2018
4835,2018
4836,2018
4837,2018
4838,2017
4839,2008
4840,2017
4841,2017
4842,2018
4843,2018
4844,2015
4845,2019
4846,2019
4847,2018
4848,2018
4849,2018
4850,2018
4851,2018
4852,2018
4853,2018
4854,2018
4855,2018
4856,2018
4857,2018
4858,2017
4859,2007
4860,2017
4861,2018
4862,1979
4863,2009
4864,2018
4865,2017
4866,2018
4867,2018
4868,2018
4869,2018
4870,2018
4871,2018
4872,2007
4873,2018
4874,2018
4875,2018
4876,2018
4877,2018
4878,2018
4879,2018
4880,2018
4881,2018
4882,2017
4883,2017
4884,2018
4885,2017
4886,2017
4887,2017
4888,2017
4889,2018
4890,2017
4891,2018
4892,2018
4893,2015
4894,2008
4895,2015
4896,2015
4897,2014
4898,2016
4899,2016
4900,2016
4901,2017
4902,2017
4903,2017
4904,2017
4905,2017
4906,2017
4907,2018
4908,2018
4909,2016
4910,2017
4911,2016
4912,2018
4913,2018
4914,2016
4915,2016
4916,2018
4917,2017
4918,2018
4919,2018
4920,2018
4921,2018
4922,2018
4923,2018
4924,2017
4925,2017
4926,2018
4927,2018
4928,2017
4929,2018
4930,2018
4931,2018
4932,2017
4933,2018
4934,2017
4935,2018
4936,2018
4937,2017
4938,2018
4939,2018
4940,2017
4941,2018
4942,2018
4943,2017
4944,2018
4945,2018
4946,2017
4947,1993
4948,2017
4949,2009
4950,2017
4951,2012
4952,2017
4953,2004
4954,2016
4955,2007
4956,2005
4957,2000
4958,2017
4959,2017
4960,2018
4961,2018
4962,2018
4963,2018
4964,2018
4965,2018
4966,2009
4967,2006
4968,2018
4969,2018
4970,2016
4971,2018
4972,2016
4973,2018
4974,2018
4975,2018
4976,2017
4977,2018
4978,2018
4979,2018
4980,2018
4981,2018
4982,2018
4983,2016
4984,2016
4985,2016
4986,2017
4987,2017
4988,2018
4989,2017
4990,2018
4991,2018
4992,2018
4993,2018
4994,2018
4995,2018
4996,2018
4997,2017
4998,2017
4999,2018
5000,2017
5001,2018
5002,2018
5003,2018
5004,2017
5005,2017
5006,2018
5007,2018
5008,1998
5009,2007
5010,2017
5011,2016
5012,2016
5013,2017
5014,2017
5015,2004
5016,2014
5017,2014
5018,2014
5019,2008
5020,2004
5021,2016
5022,2004
5023,2017
5024,2018
5025,2018
5026,2017
5027,2016
5028,2018
5029,2018
5030,2018
5031,2017
5032,2017
5033,2017
5034,2017
5035,2018
5036,2018
5037,2018
5038,2018
5039,2017
5040,2018
5041,2018
5042,2018
5043,2018
5044,2018
5045,2018
5046,2018
5047,2017
5048,2018
5049,2018
5050,2018
5051,2017
5052,2017
5053,2017
5054,2017
5055,2016
5056,2017
5057,1998
5058,2016
5059,2017
5060,2018
5061,2018
5062,2018
5063,2018
5064,2018
5065,2017
5066,2017
5067,2018
5068,2018
5069,2017
5070,2018
5071,2017
5072,2018
5073,2018
5074,2018
5075,2017
5076,2017
5077,2018
5078,2017
5079,2018
5080,1980
5081,1986
5082,2017
5083,2018
5084,2017
5085,2018
5086,2017
5087,2018
5088,2018
5089,2017
5090,2016
5091,2017
5092,2016
5093,2018
5094,2017
5095,2017
5096,2003
5097,2010
5098,2018
5099,2000
5100,2017
5101,2017
5102,2017
5103,2016
5104,2017
5105,2017
5106,2015
5107,2017
5108,2017
5109,2017
5110,2017
5111,2017
5112,2017
5113,2017
5114,2017
5115,2017
5116,2017
5117,2016
5118,2017
5119,2017
5120,2017
5121,2015
5122,2017
5123,2017
5124,2017
5125,2015
5126,2017
5127,2017
5128,2017
5129,2016
5130,2017
5131,1986
5132,1991
5133,2006
5134,2017
5135,2017
5136,2017
5137,2017
5138,2017
5139,2017
5140,2015
5141,2017
5142,2017
5143,2017
5144,2017
5145,2017
5146,2015
5147,2016
5148,2017
5149,2017
5150,2017
5151,2017
5152,2017
5153,2017
5154,2016
5155,2017
5156,2017
5157,2017
5158,2017
5159,2017
5160,2017
5161,2017
5162,2017
5163,2017
5164,2017
5165,2017
5166,2017
5167,2017
5168,2017
5169,2017
5170,2014
5171,2015
5172,2017
5173,2017
5174,2017
5175,2017
5176,2017
5177,2017
5178,2017
5179,2017
5180,2002
5181,2017
5182,2016
5183,2017
5184,2017
5185,2015
5186,2017
5187,1978
5188,2016
5189,2016
5190,2016
5191,2017
5192,2010
5193,2007
5194,2009
5195,2008
5196,2009
5197,2017
5198,2016
5199,2017
5200,2017
5201,2017
5202,2017
5203,2016
5204,2015
5205,2017
5206,2017
5207,2017
5208,2017
5209,2017
5210,2017
5211,2017
5212,2017
5213,2017
5214,2017
5215,2017
5216,2016
5217,2012
5218,2017
5219,2015
5220,2017
5221,1960
5222,2015
5223,2016
5224,2016
5225,2017
5226,2017
5227,2017
5228,2017
5229,2016
5230,2017
5231,2017
5232,2017
5233,2017
5234,2017
5235,2017
5236,2012
5237,2016
5238,2017
5239,2017
5240,2016
5241,2017
5242,2016
5243,2012
5244,2016
5245,2004
5246,2000
5247,2013
5248,2009
5249,2016
5250,2017
5251,2017
5252,2017
5253,2017
5254,2017
5255,2015
5256,2017
5257,2017
5258,2017
5259,2017
5260,2014
5261,2015
5262,2017
5263,2017
5264,2017
5265,2014
5266,2017
5267,2017
5268,2016
5269,2017
5270,2017
5271,2017
5272,2017
5273,2017
5274,2017
5275,2017
5276,2017
5277,2017
5278,2017
5279,2016
5280,2017
5281,2017
5282,2017
5283,2016
5284,2017
5285,2016
5286,2017
5287,2016
5288,2016
5289,2017
5290,2017
5291,1988
5292,2017
5293,2012
5294,2013
5295,2006
5296,1976
5297,1983
5298,2017
5299,2007
5300,1988
5301,1973
5302,2017
5303,2017
5304,1974
5305,1989
5306,2017
5307,2016
5308,2017
5309,2016
5310,1984
5311,2016
5312,2016
5313,2016
5314,2017
5315,2016
5316,2017
5317,2016
5318,2017
5319,2017
5320,2017
5321,2017
5322,2017
5323,2011
5324,2017
5325,2013
5326,2017
5327,2015
5328,2017
5329,2017
5330,2017
5331,2015
5332,2017
5333,2015
5334,2017
5335,2017
5336,2017
5337,2017
5338,2015
5339,2015
5340,2015
5341,2015
5342,2016
5343,2017
5344,2017
5345,2017
5346,2017
5347,2017
5348,2011
5349,2016
5350,2014
5351,2015
5352,2016
5353,2016
5354,2016
5355,2016
5356,2014
5357,2016
5358,2017
5359,2016
5360,2016
5361,2017
5362,2016
5363,2011
5364,2013
5365,2015
5366,2012
5367,2009
5368,2017
5369,2017
5370,2017
5371,2016
5372,2017
5373,2017
5374,2017
5375,2017
5376,2017
5377,2017
5378,2017
5379,2014
5380,2014
5381,2017
5382,2017
5383,2015
5384,2012
5385,2012
5386,2017
5387,2008
5388,2012
5389,2016
5390,2011
5391,2014
5392,1966
5393,2012
5394,2010
5395,2018
5396,2016
5397,1971
5398,2015
5399,2013
5400,2014
5401,1962
5402,2014
5403,2016
5404,2011
5405,2016
5406,2009
5407,2012
5408,2014
5409,1994
5410,2014
5411,2012
5412,2016
5413,2017
5414,2017
5415,2017
5416,2017
5417,2017
5418,2015
5419,2017
5420,2017
5421,2016
5422,2017
5423,2014
5424,2017
5425,2017
5426,2016
5427,2017
5428,2017
5429,2017
5430,2017
5431,2017
5432,2017
5433,2017
5434,2016
5435,2016
5436,2017
5437,2016
5438,2015
5439,2016
5440,2017
5441,2017
5442,2017
5443,2016
5444,2016
5445,2016
5446,2017
5447,2017
5448,1993
5449,2017
5450,2016
5451,2017
5452,2017
5453,2015
5454,2016
5455,2017
5456,1993
5457,2017
5458,2015
5459,2016
5460,2015
5461,1995
5462,1969
5463,1998
5464,2016
5465,2016
5466,2016
5467,2017
5468,2011
5469,2017
5470,2017
5471,2017
5472,2017
5473,2017
5474,2017
5475,2016
5476,2017
5477,2017
5478,2017
5479,2017
5480,2017
5481,2017
5482,1992
5483,1994
5484,2016
5485,2010
5486,1995
5487,2016
5488,2016
5489,2017
5490,2017
5491,2017
5492,2017
5493,2017
5494,2017
5495,2017
5496,2017
5497,2017
5498,2017
5499,2016
5500,1996
5501,1996
5502,2016
5503,2016
5504,2017
5505,2017
5506,2015
5507,2016
5508,2016
5509,2017
5510,2015
5511,2010
5512,2017
5513,2017
5514,2015
5515,2017
5516,2016
5517,2016
5518,2016
5519,2017
5520,2016
5521,2017
5522,2017
5523,2017
5524,2017
5525,2017
5526,2017
5527,2014
5528,2014
5529,2016
5530,2017
5531,2016
5532,2016
5533,2016
5534,2017
5535,2016
5536,2016
5537,2017
5538,2016
5539,2017
5540,2016
5541,2017
5542,2017
5543,2005
5544,2016
5545,2016
5546,1971
5547,2015
5548,2014
5549,2010
5550,1975
5551,2017
5552,2016
5553,2016
5554,2016
5555,2017
5556,2016
5557,2017
5558,2017
5559,2017
5560,2017
5561,2016
5562,2017
5563,2017
5564,2015
5565,2016
5566,2017
5567,2017
5568,2015
5569,2016
5570,2017
5571,1992
5572,2001
5573,2006
5574,2016
5575,2001
5576,2016
5577,2017
5578,2016
5579,2017
5580,2017
5581,2016
5582,2013
5583,2017
5584,2010
5585,2016
5586,2016
5587,2017
5588,2016
5589,2015
5590,2015
5591,2017
5592,2017
5593,2016
5594,2015
5595,2017
5596,2016
5597,2016
5598,2016
5599,2013
5600,2016
5601,2015
5602,2016
5603,2010
5604,2016
5605,2016
5606,2015
5607,2017
5608,2017
5609,2016
5610,2017
5611,2016
5612,2017
5613,1977
5614,2017
5615,2017
5616,2014
5617,2015
5618,2014
5619,2015
5620,2016
5621,2016
5622,2014
5623,2017
5624,2015
5625,2016
5626,2017
5627,2016
5628,2017
5629,2017
5630,2016
5631,2017
5632,2017
5633,2008
5634,2014
5635,2014
5636,2014
5637,2016
5638,2017
5639,2015
5640,2017
5641,2017
5642,2016
5643,2017
5644,2013
5645,2016
5646,2016
5647,2017
5648,2016
5649,2007
5650,2011
5651,1999
5652,2016
5653,2016
5654,2016
5655,2016
5656,2016
5657,2016
5658,2016
5659,2018
5660,2016
5661,2016
5662,2016
5663,2016
5664,2016
5665,2015
5666,2012
5667,2015
5668,2012
5669,2012
5670,2011
5671,2016
5672,2012
5673,2001
5674,2012
5675,2012
5676,2012
5677,2016
5678,2017
5679,2016
5680,2016
5681,2016
5682,2015
5683,2016
5684,2016
5685,2016
5686,2016
5687,2015
5688,2016
5689,2016
5690,2016
5691,2016
5692,2016
5693,2016
5694,2016
5695,2016
5696,2016
5697,2014
5698,2013
5699,2015
5700,2016
5701,2015
5702,2015
5703,2016
5704,2016
5705,1979
5706,2016
5707,2016
5708,2016
5709,2016
5710,2016
5711,2012
5712,2016
5713,2012
5714,2016
5715,2016
5716,2016
5717,2016
5718,2016
5719,2012
5720,2016
5721,2009
5722,2016
5723,2015
5724,2016
5725,2016
5726,2016
5727,2015
5728,2011
5729,2013
5730,2013
5731,2013
5732,2012
5733,2012
5734,2016
5735,2016
5736,2015
5737,2016
5738,2016
5739,2016
5740,2016
5741,2016
5742,2016
5743,2016
5744,2016
5745,2016
5746,2016
5747,2016
5748,2012
5749,2008
5750,2010
5751,2015
5752,2006
5753,2015
5754,2008
5755,2016
5756,2016
5757,2016
5758,2016
5759,2016
5760,2016
5761,2016
5762,2016
5763,2015
5764,2015
5765,2016
5766,2015
5767,2014
5768,2010
5769,2014
5770,2012
5771,2016
5772,2015
5773,2015
5774,2016
5775,2015
5776,2016
5777,2016
5778,2015
5779,2015
5780,2016
5781,2013
5782,2015
5783,2016
5784,2016
5785,2016
5786,2016
5787,2016
5788,2016
5789,2016
5790,2016
5791,2016
5792,2016
5793,2016
5794,2016
5795,2010
5796,2016
5797,2012
5798,2016
5799,2016
5800,2016
5801,2016
5802,2015
5803,2008
5804,2011
5805,2016
5806,2010
5807,2015
5808,2016
5809,2016
5810,2016
5811,2016
5812,2001
5813,2015
5814,2015
5815,2010
5816,2005
5817,2009
5818,2012
5819,2014
5820,2016
5821,2011
5822,1994
5823,2005
5824,2008
5825,2008
5826,2016
5827,2008
5828,2016
5829,2016
5830,2016
5831,2016
5832,2016
5833,2015
5834,2016
5835,2016
5836,2016
5837,2016
5838,2015
5839,2016
5840,2016
5841,2016
5842,2015
5843,2016
5844,2016
5845,2016
5846,2016
5847,2016
5848,2016
5849,2016
5850,2016
5851,2016
5852,2016
5853,2016
5854,2015
5855,2007
5856,2012
5857,2016
5858,2016
5859,2015
5860,2016
5861,2016
5862,2016
5863,2016
5864,2014
5865,2016
5866,2015
5867,2016
5868,2016
5869,2016
5870,2016
5871,2012
5872,2016
5873,2016
5874,2008
5875,2010
5876,2016
5877,2015
5878,2014
5879,2015
5880,2015
5881,2015
5882,2015
5883,2015
5884,2015
5885,2015
5886,2015
5887,2015
5888,2015
5889,2015
5890,2015
5891,2015
5892,2015
5893,2015
5894,2015
5895,2015
5896,2014
5897,2015
5898,2014
5899,2015
5900,2015
5901,2015
5902,2015
5903,2015
5904,2014
5905,2015
5906,2015
5907,2015
5908,2015
5909,1992
5910,2014
5911,2015
5912,2015
5913,2015
5914,2015
5915,2011
5916,2015
5917,2015
5918,2015
5919,2015
5920,2015
5921,2014
5922,2014
5923,2014
5924,1998
5925,2014
5926,2014
5927,2014
5928,2014
5929,2014
5930,2014
5931,2014
5932,2014
5933,2013
5934,2013
5935,2014
5936,2013
5937,2013
5938,2013
5939,2013
5940,2007
5941,2013
5942,2011
5943,1988
5944,1986
5945,1986
5946,1990
5947,1988
5948,1987
5949,1989
5950,1988
5951,1991
5952,1990
5953,1991
5954,2000
5955,2010
5956,2009
5957,2007
5958,2006
5959,2009
5960,2008
5961,1997
5962,2019
5963,2008
5964,2014
5965,2018
5966,2018
5967,2019
5968,2017
5969,2018
5970,2017
5971,2017
5972,2015
5973,2020
5974,2018
5975,2016
5976,2017
5977,2010
5978,2005
5979,2013
5980,2014
5981,2017
5982,2008
5983,2018
5984,2016
5985,2017
5986,2017
5987,2014
5988,2015
5989,2014
5990,2017
5991,2010
5992,2018
5993,2006
5994,2009
5995,2019
5996,2018
5997,2013
5998,2015
5999,2018
6000,2016
6001,2013
6002,2018
6003,2016
6004,2017
6005,2018
6006,2017
6007,2000
6008,2003
6009,2015
6010,2016
6011,2018
6012,2016
6013,2011
6014,1989
6015,2017
6016,2015
6017,2017
6018,2014
6019,2004
6020,2011
6021,2012
6022,2017
6023,2014
6024,2017
6025,2019
6026,2018
6027,2016
6028,2017
6029,2016
6030,2016
6031,1977
6032,1971
6033,1993
6034,2015
6035,2016
6036,2016
6037,2012
6038,2013
6039,2017
6040,2013
6041,2019
6042,2011
6043,2016
6044,2018
6045,2010
6046,2012
6047,2014
6048,2014
6049,2017
6050,1998
6051,2015
6052,2015
6053,2013
6054,2011
6055,2011
6056,2016
6057,2011
6058,2009
6059,2015
6060,2015
6061,1996
6062,2012
6063,2002
6064,2008
6065,2017
6066,2018
6067,2013
6068,2015
6069,2019
6070,2018
6071,2011
6072,2017
6073,2013
6074,2011
6075,2010
6076,2010
6077,2015
6078,2012
6079,2016
6080,2017
6081,2012
6082,2002
6083,2015
6084,2016
6085,2015
6086,2007
6087,2012
6088,2010
6089,2018
6090,2018
6091,2014
6092,2013
6093,2017
6094,2018
6095,2013
6096,2012
6097,2018
6098,2008
6099,2012
6100,2018
6101,2017
6102,2010
6103,2015
6104,2006
6105,2012
6106,2014
6107,2015
6108,2004
6109,2017
6110,2016
6111,2018
6112,1974
6113,2017
6114,2018
6115,2016
6116,2018
6117,1989
6118,2019
6119,2016
6120,2018
6121,2006
6122,2018
6123,2016
6124,2001
6125,2013
6126,2014
6127,2014
6128,2017
6129,2019
6130,2015
6131,1977
6132,2011
6133,2014
6134,2016
6135,2017
6136,1999
6137,2017
6138,2017
6139,2017
6140,2018
6141,2018
6142,2019
6143,2014
6144,1998
6145,2016
6146,2018
6147,2015
6148,2000
6149,2019
6150,2015
6151,2013
6152,1986
6153,1991
6154,1999
6155,2000
6156,2012
6157,2012
6158,2018
6159,2014
6160,2017
6161,2017
6162,2018
6163,2015
6164,2001
6165,2003
6166,2015
6167,2018
6168,2018
6169,2013
6170,2016
6171,2016
6172,2018
6173,2017
6174,2018
6175,2018
6176,2018
6177,2007
6178,2012
6179,2017
6180,2016
6181,2011
6182,2015
6183,2015
6184,2018
6185,2011
6186,2011
6187,2011
6188,2014
6189,1997
6190,2019
6191,2016
6192,2016
6193,2018
6194,2012
6195,2016
6196,2014
6197,2016
6198,1994
6199,2016
6200,2014
6201,2018
6202,2017
6203,2016
6204,2013
6205,2005
6206,2006
6207,2016
6208,2016
6209,2014
6210,2019
6211,2015
6212,1995
6213,2003
6214,2014
6215,2017
6216,2016
6217,2013
6218,2006
6219,2019
6220,2016
6221,1995
6222,2001
6223,2004
6224,2017
6225,2015
6226,2017
6227,2015
6228,2010
6229,2016
6230,2002
6231,2009
6232,2015
6233,2009
6234,2017
6235,2013
6236,2010
6237,2015
6238,2015
6239,2016
6240,2010
6241,2011
6242,2016
6243,2012
6244,2017
6245,2015
6246,2013
6247,1995
6248,1998
6249,1992
6250,2016
6251,2017
6252,2018
6253,2015
6254,2016
6255,1972
6256,1982
6257,2015
6258,2016
6259,2018
6260,2013
6261,1997
6262,2013
6263,2010
6264,2015
6265,2016
6266,2016
6267,1996
6268,1992
6269,2008
6270,2016
6271,2007
6272,2008
6273,2016
6274,2015
6275,2017
6276,2015
6277,2010
6278,2016
6279,2015
6280,2016
6281,2016
6282,2016
6283,2019
6284,2004
6285,1978
6286,2012
6287,2019
6288,2014
6289,2017
6290,2005
6291,2010
6292,2009
6293,2013
6294,2018
6295,2013
6296,2015
6297,2006
6298,2018
6299,2007
6300,2003
6301,2017
6302,1997
6303,2017
6304,1999
6305,2017
6306,2002
6307,2018
6308,2017
6309,2017
6310,2002
6311,2010
6312,2000
6313,2018
6314,2017
6315,2015
6316,2018
6317,2017
6318,2016
6319,2016
6320,2018
6321,2012
6322,2019
6323,2001
6324,2014
6325,2015
6326,2018
6327,2017
6328,2007
6329,2017
6330,2013
6331,2015
6332,2018
6333,2016
6334,2015
6335,2017
6336,2016
6337,2016
6338,2001
6339,2013
6340,2013
6341,2016
6342,2017
6343,2013
6344,1999
6345,2010
6346,2017
6347,2018
6348,1991
6349,2015
6350,2017
6351,1973
6352,2018
6353,2016
6354,2017
6355,2008
6356,2017
6357,2015
6358,2016
6359,1967
6360,2003
6361,2016
6362,2017
6363,2017
6364,2016
6365,2013
6366,2017
6367,2013
6368,2016
6369,2016
6370,2018
6371,2007
6372,2013
6373,2016
6374,2014
6375,2015
6376,2018
6377,2005
6378,2017
6379,2015
6380,2009
6381,2017
6382,2016
6383,2016
6384,2017
6385,2017
6386,2013
6387,2018
6388,2016
6389,2018
6390,2017
6391,2010
6392,2017
6393,2018
6394,2012
6395,2017
6396,1960
6397,2016
6398,2016
6399,2017
6400,2014
6401,2016
6402,2009
6403,2018
6404,2015
6405,2018
6406,2017
6407,2017
6408,2016
6409,2014
6410,2016
6411,2017
6412,2014
6413,2014
6414,2012
6415,1998
6416,1992
6417,2016
6418,2019
6419,2017
6420,2016
6421,2012
6422,2008
6423,2015
6424,1976
6425,2009
6426,2012
6427,2015
6428,2006
6429,1992
6430,1992
6431,2015
6432,1958
6433,2015
6434,2010
6435,2018
6436,2016
6437,2012
6438,2000
6439,2014
6440,2010
6441,2000
6442,2017
6443,2010
6444,2018
6445,2016
6446,2017
6447,2005
6448,2003
6449,1973
6450,2013
6451,1997
6452,2016
6453,2017
6454,2016
6455,2015
6456,2016
6457,1992
6458,2017
6459,2012
6460,1999
6461,2017
6462,2018
6463,2018
6464,2018
6465,2019
6466,2017
6467,2005
6468,2018
6469,1988
6470,1994
6471,2017
6472,2017
6473,2012
6474,1968
6475,2009
6476,2017
6477,2014
6478,2018
6479,2012
6480,2015
6481,2004
6482,2018
6483,2006
6484,2017
6485,2017
6486,1975
6487,2009
6488,2016
6489,2002
6490,2016
6491,2018
6492,2019
6493,2010
6494,1993
6495,2018
6496,2012
6497,1973
6498,2006
6499,2017
6500,2017
6501,2013
6502,2012
6503,2014
6504,2008
6505,2015
6506,2016
6507,2017
6508,2016
6509,2016
6510,2016
6511,2005
6512,2007
6513,2017
6514,2017
6515,1999
6516,2016
6517,2015
6518,2008
6519,2016
6520,2016
6521,2018
6522,2017
6523,2002
6524,2016
6525,2018
6526,2016
6527,2013
6528,2014
6529,2017
6530,2014
6531,2008
6532,2014
6533,2018
6534,1967
6535,2017
6536,2016
6537,2009
6538,2018
6539,2017
6540,2016
6541,2004
6542,2016
6543,2017
6544,2000
6545,2017
6546,2013
6547,2015
6548,2015
6549,1989
6550,1977
6551,2003
6552,2019
6553,2015
6554,2017
6555,2015
6556,2013
6557,2013
6558,2017
6559,2016
6560,2016
6561,2012
6562,2015
6563,1997
6564,2015
6565,2016
6566,2016
6567,2015
6568,2003
6569,2015
6570,2016
6571,1991
6572,2017
6573,2017
6574,2017
6575,2018
6576,2015
6577,2018
6578,2006
6579,2018
6580,2016
6581,2016
6582,2012
6583,2011
6584,2010
6585,2017
6586,2017
6587,2017
6588,2016
6589,2002
6590,2016
6591,2018
6592,2014
6593,2018
6594,1992
6595,2018
6596,2017
6597,2017
6598,2016
6599,2019
6600,2016
6601,2017
6602,2017
6603,2004
6604,2013
6605,2007
6606,2018
6607,2017
6608,2017
6609,2015
6610,2002
6611,2002
6612,2007
6613,2010
6614,2016
6615,1985
6616,2017
6617,2017
6618,2009
6619,2017
6620,1965
6621,2016
6622,2019
6623,2014
6624,2019
6625,2015
6626,2015
6627,2010
6628,2015
6629,2016
6630,2017
6631,2016
6632,2016
6633,2016
6634,1997
6635,2005
6636,2013
6637,1989
6638,2008
6639,2017
6640,2003
6641,2018
6642,1996
6643,2015
6644,2000
6645,2017
6646,2018
6647,2016
6648,2017
6649,2017
6650,2017
6651,2018
6652,2015
6653,2015
6654,2014
6655,2003
6656,2003
6657,2016
6658,2014
6659,2014
6660,2015
6661,2018
6662,2015
6663,2010
6664,2009
6665,2010
6666,1983
6667,2018
6668,2015
6669,2009
6670,2004
6671,2012
6672,2013
6673,2008
6674,2010
6675,1979
6676,2017
6677,2010
6678,2017
6679,2017
6680,2016
6681,2006
6682,2016
6683,2019
6684,2014
6685,2015
6686,2016
6687,2015
6688,2016
6689,2016
6690,2016
6691,2017
6692,2014
6693,2006
6694,2018
6695,2002
6696,2016
6697,2012
6698,2018
6699,2013
6700,2016
6701,2018
6702,1973
6703,2015
6704,2002
6705,1990
6706,1985
6707,2016
6708,2018
6709,2018
6710,2019
6711,2007
6712,1997
6713,2019
6714,2019
6715,2014
6716,2001
6717,2015
6718,2011
6719,2008
6720,1996
6721,2013
6722,2012
6723,2001
6724,2019
6725,2006
6726,2010
6727,2011
6728,2014
6729,2009
6730,2017
6731,2017
6732,2009
6733,2015
6734,2011
6735,2019
6736,1998
6737,2017
6738,2015
6739,2019
6740,2014
6741,2017
6742,2016
6743,2017
6744,1998
6745,2015
6746,2017
6747,1971
6748,2015
6749,2008
6750,2016
6751,2015
6752,2017
6753,2015
6754,2000
6755,2003
6756,2006
6757,2016
6758,2013
6759,2018
6760,2017
6761,2016
6762,2017
6763,2015
6764,2015
6765,2019
6766,1982
6767,2014
6768,2008
6769,2016
6770,2018
6771,2016
6772,1978
6773,2017
6774,2017
6775,2011
6776,2015
6777,2010
6778,2015
6779,2012
6780,2019
6781,2018
6782,1977
6783,2017
6784,2017
6785,1956
6786,2016
6787,2018
6788,2016
6789,2011
6790,2011
6791,2008
6792,2016
6793,1994
6794,2007
6795,2012
6796,2003
6797,2018
6798,2007
6799,1993
6800,2015
6801,2016
6802,2015
6803,2019
6804,2017
6805,2009
6806,2016
6807,2003
6808,2017
6809,2010
6810,2016
6811,2011
6812,2011
6813,2011
6814,2008
6815,2015
6816,2016
6817,2019
6818,2017
6819,2009
6820,2017
6821,2018
6822,2013
6823,2016
6824,2017
6825,2009
6826,2014
6827,2002
6828,2013
6829,2009
6830,2011
6831,2016
6832,2016
6833,2018
6834,2017
6835,2015
6836,2016
6837,2016
6838,2003
6839,2011
6840,2010
6841,2014
6842,2017
6843,2008
6844,2005
6845,1990
6846,2017
6847,2013
6848,2007
6849,2014
6850,2012
6851,2013
6852,1997
6853,2005
6854,1958
6855,2012
6856,2013
6857,2012
6858,2010
6859,2018
6860,2016
6861,2017
6862,2014
6863,2018
6864,2017
6865,1979
6866,2013
6867,1995
6868,2019
6869,2017
6870,2016
6871,2006
6872,2016
6873,2018
6874,2015
6875,2016
6876,2014
6877,2019
6878,2012
6879,2005
6880,2014
6881,1990
6882,2017
6883,2011
6884,2018
6885,2001
6886,2012
6887,2003
6888,2015
6889,2008
6890,2017
6891,2013
6892,2013
6893,2017
6894,1978
6895,2016
6896,2017
6897,2015
6898,2016
6899,2016
6900,2016
6901,2015
6902,2008
6903,2015
6904,2015
6905,2013
6906,2013
6907,2016
6908,2010
6909,2014
6910,2007
6911,2009
6912,2015
6913,2000
6914,1987
6915,2017
6916,2017
6917,2013
6918,2015
6919,2017
6920,2013
6921,2017
6922,2014
6923,2016
6924,2015
6925,2015
6926,2015
6927,2005
6928,2008
6929,2004
6930,2015
6931,2014
6932,2010
6933,2017
6934,2015
6935,2016
6936,2014
6937,1999
6938,2015
6939,2017
6940,2018
6941,2017
6942,2015
6943,2016
6944,2011
6945,2015
6946,2018
6947,2018
6948,1998
6949,2017
6950,2001
6951,2017
6952,2018
6953,2016
6954,2015
6955,2015
6956,2016
6957,2016
6958,2004
6959,2013
6960,2018
6961,1976
6962,2016
6963,1997
6964,2018
6965,2017
6966,2015
6967,2010
6968,2016
6969,2015
6970,2016
6971,1988
6972,2016
6973,2015
6974,2010
6975,2015
6976,2017
6977,2016
6978,2005
6979,2016
6980,2017
6981,2015
6982,2016
6983,2006
6984,2015
6985,2016
6986,2016
6987,2008
6988,2010
6989,2017
6990,2019
6991,2011
6992,2018
6993,2011
6994,2018
6995,2018
6996,2017
6997,2015
6998,2013
6999,2016
7000,2013
7001,2016
7002,2017
7003,2017
7004,2016
7005,2016
7006,2007
7007,2017
7008,1975
7009,2018
7010,2012
7011,2016
7012,2016
7013,2017
7014,2000
7015,2017
7016,1997
7017,2015
7018,2018
7019,1995
7020,2016
7021,2012
7022,2009
7023,1999
7024,2006
7025,2011
7026,2014
7027,2010
7028,2015
7029,2015
7030,2011
7031,2016
7032,2018
7033,2005
7034,2018
7035,2016
7036,2010
7037,2016
7038,2017
7039,2018
7040,2016
7041,2016
7042,2015
7043,2018
7044,2016
7045,2011
7046,2017
7047,2014
7048,2016
7049,2015
7050,2013
7051,2019
7052,2016
7053,2014
7054,2010
7055,2014
7056,2008
7057,2013
7058,2009
7059,1974
7060,2012
7061,2017
7062,2017
7063,2014
7064,2019
7065,2017
7066,2017
7067,2015
7068,2018
7069,2014
7070,2015
7071,2008
7072,1989
7073,1981
7074,1984
7075,2016
7076,2013
7077,2016
7078,2009
7079,2008
7080,2005
7081,2017
7082,2015
7083,2017
7084,2018
7085,2013
7086,2007
7087,2016
7088,2015
7089,2004
7090,2003
7091,2002
7092,2009
7093,2018
7094,2017
7095,2006
7096,2010
7097,2018
7098,2014
7099,2011
7100,2015
7101,2014
7102,2015
7103,2013
7104,1995
7105,2012
7106,2015
7107,2017
7108,2014
7109,2018
7110,2006
7111,2013
7112,2018
7113,2016
7114,1997
7115,2015
7116,2009
7117,2014
7118,2013
7119,2012
7120,2016
7121,2008
7122,2001
7123,1973
7124,2019
7125,2015
7126,2008
7127,2014
7128,2018
7129,2016
7130,2009
7131,1973
7132,2017
7133,2011
7134,1960
7135,2017
7136,2005
7137,2012
7138,2013
7139,2017
7140,2018
7141,2015
7142,2017
7143,2015
7144,2016
7145,1997
7146,2011
7147,2017
7148,2009
7149,2014
7150,2011
7151,2005
7152,2015
7153,2005
7154,1992
7155,2011
7156,2012
7157,2002
7158,2013
7159,2017
7160,2015
7161,1981
7162,2017
7163,2016
7164,2016
7165,2014
7166,2010
7167,2016
7168,2017
7169,2017
7170,2008
7171,2001
7172,1982
7173,2006
7174,2017
7175,2005
7176,1990
7177,2014
7178,1996
7179,2011
7180,2013
7181,2010
7182,2017
7183,2017
7184,1993
7185,2018
7186,2013
7187,2006
7188,2011
7189,1980
7190,2003
7191,2018
7192,2017
7193,2016
7194,1995
7195,2015
7196,2015
7197,2010
7198,2003
7199,2004
7200,2016
7201,2015
7202,2016
7203,2011
7204,1988
7205,2010
7206,2016
7207,2014
7208,2015
7209,2005
7210,2018
7211,1996
7212,2017
7213,2015
7214,1997
7215,2016
7216,2017
7217,2013
7218,2015
7219,2015
7220,1945
7221,2009
7222,2016
7223,2014
7224,2012
7225,1972
7226,2014
7227,2009
7228,2013
7229,2016
7230,2012
7231,2017
7232,2017
7233,2010
7234,2013
7235,2015
7236,2019
7237,2013
7238,2017
7239,2017
7240,2004
7241,2010
7242,2010
7243,2017
7244,2017
7245,1998
7246,2014
7247,2012
7248,2000
7249,2017
7250,2004
7251,2016
7252,2017
7253,1987
7254,2016
7255,2012
7256,2016
7257,2017
7258,2010
7259,2016
7260,2016
7261,2011
7262,2016
7263,2006
7264,2018
7265,2015
7266,2010
7267,2011
7268,2017
7269,2015
7270,2019
7271,2015
7272,2010
7273,2017
7274,2014
7275,2010
7276,2003
7277,2011
7278,2011
7279,2011
7280,2018
7281,2017
7282,2014
7283,2010
7284,2017
7285,1982
7286,2017
7287,2010
7288,2017
7289,2018
7290,2018
7291,2016
7292,2017
7293,2013
7294,2016
7295,1946
7296,2014
7297,2018
7298,2014
7299,2014
7300,2018
7301,2009
7302,2014
7303,2018
7304,1997
7305,2018
7306,1992
7307,2015
7308,2012
7309,2012
7310,2013
7311,1990
7312,1983
7313,2015
7314,2016
7315,2016
7316,2016
7317,2000
7318,2018
7319,2019
7320,2019
7321,2016
7322,2017
7323,2014
7324,2016
7325,2017
7326,2013
7327,1998
7328,2013
7329,2012
7330,2017
7331,1976
7332,2016
7333,1962
7334,2015
7335,2017
7336,1990
7337,2015
7338,2015
7339,2015
7340,2017
7341,2012
7342,2017
7343,2015
7344,2015
7345,2019
7346,2010
7347,2017
7348,1994
7349,2012
7350,2016
7351,2018
7352,2011
7353,2015
7354,2013
7355,2014
7356,2016
7357,2006
7358,1995
7359,2016
7360,2010
7361,2005
7362,2018
7363,2015
7364,2017
7365,2017
7366,2012
7367,2014
7368,1979
7369,2014
7370,2008
7371,1987
7372,2016
7373,2016
7374,2017
7375,2016
7376,2017
7377,2016
7378,2013
7379,2018
7380,2016
7381,2013
7382,2015
7383,2014
7384,2010
7385,1981
7386,2013
7387,2005
7388,1989
7389,2017
7390,2018
7391,2013
7392,2015
7393,2018
7394,1983
7395,2017
7396,2014
7397,2016
7398,2014
7399,2017
7400,1999
7401,2017
7402,2017
7403,2017
7404,2016
7405,2018
7406,2016
7407,2016
7408,2016
7409,2019
7410,2018
7411,1986
7412,2002
7413,2017
7414,2016
7415,2014
7416,2013
7417,2017
7418,2018
7419,2016
7420,1983
7421,2016
7422,2017
7423,2006
7424,2013
7425,2014
7426,2017
7427,2016
7428,2017
7429,1988
7430,2016
7431,2016
7432,1973
7433,2017
7434,1985
7435,2017
7436,2013
7437,2012
7438,2017
7439,2016
7440,2003
7441,2017
7442,2018
7443,1997
7444,2002
7445,2016
7446,2009
7447,2018
7448,2015
7449,2018
7450,2016
7451,2009
7452,2015
7453,2016
7454,2018
7455,2016
7456,1996
7457,2008
7458,2014
7459,2017
7460,2013
7461,2004
7462,2012
7463,2016
7464,2015
7465,2015
7466,2014
7467,2017
7468,2011
7469,2015
7470,2015
7471,2016
7472,2017
7473,2018
7474,2014
7475,2015
7476,2016
7477,2017
7478,2015
7479,2019
7480,2017
7481,2014
7482,2003
7483,2016
7484,2015
7485,1997
7486,2014
7487,2016
7488,2017
7489,2017
7490,2013
7491,2015
7492,2012
7493,2014
7494,2013
7495,2011
7496,2014
7497,2012
7498,2016
7499,2015
7500,2010
7501,2013
7502,2013
7503,2012
7504,2005
7505,2013
7506,2011
7507,2009
7508,2016
7509,2015
7510,2015
7511,2016
7512,2013
7513,2011
7514,2016
7515,2017
7516,2013
7517,2016
7518,2002
7519,2015
7520,1984
7521,2007
7522,2013
7523,2012
7524,2012
7525,2004
7526,2014
7527,2014
7528,2007
7529,2017
7530,2017
7531,1962
7532,2010
7533,2005
7534,2017
7535,2013
7536,2016
7537,2015
7538,2015
7539,2017
7540,2016
7541,2017
7542,2015
7543,2014
7544,2013
7545,2001
7546,2015
7547,2009
7548,2013
7549,2012
7550,2011
7551,2014
7552,1999
7553,2017
7554,2006
7555,2016
7556,2017
7557,2016
7558,1982
7559,2016
7560,2011
7561,2017
7562,2016
7563,1993
7564,2016
7565,2004
7566,2016
7567,2016
7568,2015
7569,2018
7570,2016
7571,2016
7572,2009
7573,2009
7574,2016
7575,2015
7576,1945
7577,2016
7578,2016
7579,2018
7580,2004
7581,2016
7582,2007
7583,2017
7584,2018
7585,2013
7586,2014
7587,2016
7588,2008
7589,1981
7590,1997
7591,2005
7592,2018
7593,2007
7594,2016
7595,2020
7596,2019
7597,2019
7598,2004
7599,2017
7600,2017
7601,2018
7602,2017
7603,2017
7604,2017
7605,2017
7606,2018
7607,2017
7608,2017
7609,2018
7610,2017
7611,2017
7612,2017
7613,2017
7614,2017
7615,2018
7616,2017
7617,2018
7618,2018
7619,2012
7620,2017
7621,1995
7622,2016
7623,2009
7624,2016
7625,2018
7626,2012
7627,2015
7628,2011
7629,2015
7630,2016
7631,2013
7632,2013
7633,2016
7634,2016
7635,2014
7636,2009
7637,2018
7638,1960
7639,2007
7640,2004
7641,2017
7642,2015
7643,2016
7644,2011
7645,2012
7646,2015
7647,2014
7648,2017
7649,2013
7650,2018
7651,2012
7652,1983
7653,2017
7654,2016
7655,2018
7656,2018
7657,2018
7658,2018
7659,2019
7660,1968
7661,2016
7662,2013
7663,2017
7664,2018
7665,2017
7666,2016
7667,2018
7668,2013
7669,2015
7670,2006
7671,2016
7672,2016
7673,2016
7674,2018
7675,2012
7676,2012
7677,2018
7678,2016
7679,1984
7680,2018
7681,2017
7682,2017
7683,2014
7684,2019
7685,2018
7686,2017
7687,2018
7688,2006
7689,2015
7690,2016
7691,2007
7692,2017
7693,2007
7694,2016
7695,2007
7696,2002
7697,2016
7698,1988
7699,2011
7700,2015
7701,2015
7702,2002
7703,2000
7704,2018
7705,2007
7706,2016
7707,1997
7708,2017
7709,1990
7710,2015
7711,2003
7712,1992
7713,2011
7714,2017
7715,1992
7716,2014
7717,2009
7718,2016
7719,2010
7720,2009
7721,2013
7722,1990
7723,1988
7724,2016
7725,2006
7726,2016
7727,2016
7728,2017
7729,2007
7730,2016
7731,2016
7732,2016
7733,2018
7734,2018
7735,2015
7736,1993
7737,2015
7738,2009
7739,2012
7740,2017
7741,2018
7742,2018
7743,2017
7744,1946
7745,2002
7746,1998
7747,2018
7748,2016
7749,2006
7750,2010
7751,2016
7752,1986
7753,1980
7754,2018
7755,2018
7756,1980
7757,2018
7758,2016
7759,2018
7760,2010
7761,2016
7762,2015
7763,2016
7764,2004
7765,1998
7766,2008
7767,2000
7768,1999
7769,2006
7770,2003
7771,2007
7772,2009
7773,2005
7774,2011
7775,2011
7776,2011
7777,2011
7778,2014
7779,2014
7780,2012
7781,2012
7782,2012
7783,2001
7784,1997
7785,2002
7786,1996
7787,2013
7788,2013
7789,2013
7790,2013
7791,1942
7792,2013
7793,2015
7794,1996
7795,1984
7796,2017
7797,2017
7798,2018
7799,2011
7800,2019
7801,2016
7802,2000
7803,1994
7804,2014
7805,2012
7806,2011
7807,2014
7808,2019
7809,2015
7810,2008
7811,2009
7812,2015
7813,2017
7814,2018
7815,2008
7816,2012
7817,2009
7818,2008
7819,2013
7820,2015
7821,1980
7822,2015
7823,2015
7824,2016
7825,1996
7826,1974
7827,2018
7828,1985
7829,2012
7830,2018
7831,2005
7832,2018
7833,2010
7834,2017
7835,2016
7836,2015
7837,2011
7838,2011
7839,2015
7840,1955
7841,2004
7842,2018
7843,2016
7844,2016
7845,1984
7846,2017
7847,2017
7848,2015
7849,2016
7850,2015
7851,2017
7852,2012
7853,2015
7854,2015
7855,2010
7856,2017
7857,2014
7858,2010
7859,2017
7860,2016
7861,1980
7862,2016
7863,2017
7864,2014
7865,2017
7866,2008
7867,2012
7868,2016
7869,2008
7870,2015
7871,2017
7872,2013
7873,2010
7874,2011
7875,2010
7876,2015
7877,2016
7878,2018
7879,1985
7880,1976
7881,1979
7882,1982
7883,1985
7884,1990
7885,2017
7886,2014
7887,2018
7888,2015
7889,2014
7890,2015
7891,2017
7892,2012
7893,2016
7894,2016
7895,1968
7896,1998
7897,2016
7898,2004
7899,2017
7900,2016
7901,1995
7902,2005
7903,2004
7904,1999
7905,2018
7906,2018
7907,1998
7908,2015
7909,2013
7910,2013
7911,2016
7912,2016
7913,2003
7914,1982
7915,2013
7916,2014
7917,2016
7918,1983
7919,2014
7920,2016
7921,2012
7922,2016
7923,2016
7924,2007
7925,2014
7926,2017
7927,2017
7928,2013
7929,2018
7930,2018
7931,1945
7932,2008
7933,1964
7934,2014
7935,2010
7936,2010
7937,2015
7938,2016
7939,2005
7940,2017
7941,2008
7942,2018
7943,2014
7944,2012
7945,1982
7946,2017
7947,2017
7948,2018
7949,2015
7950,2013
7951,2019
7952,2014
7953,2017
7954,2018
7955,1955
7956,2000
7957,2013
7958,1993
7959,1988
7960,1998
7961,2010
7962,1997
7963,2000
7964,2012
7965,1993
7966,2012
7967,2011
7968,2007
7969,2014
7970,2015
7971,2013
7972,2013
7973,2013
7974,2014
7975,2013
7976,2013
7977,2014
7978,2013
7979,2014
7980,2014
7981,2012
7982,2010
7983,2016
7984,2017
7985,2015
7986,2011
7987,2010
7988,2008
7989,2016
7990,1999
7991,2019
7992,2016
7993,2011
7994,1986
7995,2002
7996,2012
7997,2002
7998,2002
7999,2011
8000,2008
8001,2019
8002,2010
8003,2017
8004,2009
8005,1990
8006,2016
8007,2018
8008,2017
8009,2016
8010,2013
8011,2009
8012,2016
8013,2017
8014,2004
8015,2017
8016,2008
8017,2014
8018,2018
8019,2012
8020,2016
8021,2015
8022,2008
8023,2018
8024,2013
8025,2015
8026,2017
8027,2017
8028,2016
8029,2015
8030,2014
8031,2016
8032,2016
8033,2016
8034,2016
8035,2014
8036,2010
8037,2015
8038,2004
8039,1996
8040,1993
8041,2018
8042,2015
8043,1998
8044,2008
8045,2017
8046,2015
8047,2016
8048,2005
8049,2018
8050,2013
8051,1991
8052,2018
8053,2018
8054,2009
8055,2017
8056,2003
8057,2014
8058,2016
8059,2016
8060,2011
8061,2019
8062,2016
8063,2014
8064,1976
8065,2013
8066,2017
8067,2019
8068,2007
8069,2018
8070,2018
8071,2018
8072,2015
8073,2012
8074,2018
8075,2001
8076,2002
8077,2003
8078,2015
8079,2018
8080,2019
8081,2015
8082,2015
8083,2017
8084,2014
8085,2013
8086,2015
8087,2006
8088,2008
8089,2018
8090,2017
8091,2010
8092,2010
8093,2015
8094,2010
8095,2017
8096,2014
8097,2014
8098,2015
8099,2017
8100,2020
8101,2019
8102,2006
8103,2015
8104,1992
8105,2016
8106,1981
8107,1996
8108,2017
8109,2016
8110,2018
8111,2002
8112,2019
8113,2015
8114,2011
8115,2018
8116,2014
8117,2014
8118,2018
8119,2019
8120,2015
8121,2014
8122,2019
8123,2018
8124,2017
8125,2014
8126,2020
8127,2007
8128,1972
8129,2006
8130,2016
8131,1999
8132,2016
8133,2020
8134,2017
8135,2017
8136,2016
8137,1977
8138,2018
8139,2007
8140,2017
8141,2016
8142,2016
8143,1980
8144,2010
8145,1999
8146,2008
8147,2011
8148,2018
8149,1993
8150,2014
8151,2015
8152,1999
8153,2005
8154,2013
8155,2016
8156,2017
8157,2010
8158,2016
8159,2007
8160,1991
8161,1990
8162,2010
8163,2016
8164,2017
8165,2015
8166,2010
8167,2003
8168,2009
8169,2015
8170,2017
8171,2016
8172,2012
8173,2015
8174,2019
8175,2005
8176,2018
8177,2016
8178,2016
8179,2018
8180,2015
8181,2010
8182,2016
8183,2015
8184,2005
8185,2011
8186,2007
8187,2016
8188,1995
8189,2005
8190,1967
8191,2019
8192,2019
8193,2010
8194,2014
8195,2015
8196,2013
8197,2000
8198,2016
8199,2016
8200,2009
8201,2017
8202,2015
8203,2016
8204,1993
8205,2018
8206,1942
8207,2012
8208,2016
8209,2011
8210,2015
8211,2018
8212,2016
8213,2015
8214,2016
8215,2001
8216,2016
8217,2011
8218,2010
8219,2015
8220,2010
8221,2009
8222,2016
8223,2008
8224,2007
8225,2019
8226,2017
8227,2006
8228,2017
8229,2005
8230,2007
8231,2013
8232,1983
8233,2017
8234,2019
8235,2017
8236,2018
8237,2014
8238,1977
8239,2017
8240,2017
8241,2017
8242,2016
8243,2016
8244,2017
8245,2010
8246,2016
8247,2015
8248,2013
8249,2016
8250,1965
8251,2011
8252,2010
8253,2018
8254,2016
8255,2013
8256,2011
8257,1996
8258,2016
8259,2013
8260,1994
8261,1970
8262,1992
8263,2016
8264,2015
8265,2009
8266,2011
8267,1982
8268,2018
8269,2016
8270,2015
8271,2017
8272,2015
8273,2006
8274,2017
8275,2017
8276,2017
8277,2012
8278,2013
8279,2018
8280,2015
8281,2009
8282,2016
8283,2011
8284,2016
8285,2005
8286,2007
8287,2015
8288,2016
8289,2015
8290,2017
8291,1981
8292,2016
8293,2016
8294,2012
8295,2015
8296,2018
8297,2010
8298,2009
8299,2009
8300,2014
8301,2019
8302,1996
8303,2016
8304,1978
8305,1994
8306,2000
8307,1975
8308,2008
8309,2017
8310,2017
8311,2014
8312,2017
8313,2016
8314,2016
8315,2013
8316,2015
8317,2007
8318,2003
8319,2018
8320,2019
8321,2011
8322,2016
8323,2018
8324,2017
8325,2016
8326,2009
8327,2014
8328,2015
8329,2015
8330,2014
8331,2018
8332,2018
8333,1979
8334,2005
8335,2013
8336,2011
8337,2013
8338,2017
8339,2008
8340,2017
8341,2018
8342,2011
8343,2017
8344,2015
8345,2017
8346,2016
8347,2005
8348,2015
8349,2016
8350,2015
8351,2013
8352,2017
8353,2014
8354,2015
8355,2018
8356,2016
8357,2009
8358,2010
8359,2014
8360,2018
8361,2018
8362,1995
8363,2009
8364,2016
8365,2018
8366,2009
8367,2018
8368,2015
8369,2008
8370,2011
8371,2015
8372,2010
8373,2007
8374,2010
8375,2013
8376,2017
8377,2019
8378,2010
8379,2009
8380,2017
8381,2006
8382,2017
8383,2016
8384,1992
8385,2010
8386,2016
8387,2018
8388,2014
8389,2018
8390,2019
8391,2017
8392,2016
8393,2013
8394,2017
8395,2018
8396,2015
8397,2006
8398,2015
8399,2015
8400,2017
8401,2019
8402,1974
8403,2008
8404,2014
8405,2003
8406,2002
8407,2008
8408,2016
8409,1982
8410,1993
8411,2017
8412,2012
8413,2009
8414,1998
8415,1999
8416,2003
8417,2003
8418,2018
8419,2017
8420,1944
8421,2009
8422,2015
8423,2016
8424,2012
8425,2017
8426,2016
8427,2016
8428,2015
8429,2018
8430,2017
8431,2011
8432,2015
8433,2017
8434,1991
8435,1988
8436,1984
8437,1944
8438,2021
8439,2018
8440,2017
8441,2016
8442,2018
8443,2012
8444,2014
8445,2008
8446,2010
8447,2001
8448,2016
8449,1997
8450,1993
8451,2018
8452,2012
8453,2004
8454,2013
8455,2006
8456,2014
8457,2017
8458,2012
8459,2012
8460,2015
8461,2012
8462,2004
8463,2017
8464,2004
8465,2014
8466,2004
8467,2009
8468,2017
8469,2019
8470,2006
8471,2018
8472,2009
8473,2008
8474,1997
8475,2016
8476,2010
8477,2006
8478,2015
8479,2016
8480,2017
8481,2016
8482,2015
8483,2015
8484,2016
8485,2016
8486,2011
8487,2002
8488,2014
8489,2016
8490,1994
8491,2017
8492,2016
8493,2011
8494,2014
8495,2011
8496,2015
8497,2014
8498,2012
8499,2001
8500,2015
8501,2016
8502,2019
8503,2014
8504,2015
8505,2014
8506,2017
8507,1955
8508,2014
8509,2015
8510,2013
8511,2017
8512,2010
8513,2016
8514,2013
8515,1978
8516,2010
8517,2019
8518,2015
8519,2017
8520,2017
8521,2017
8522,2015
8523,2017
8524,1989
8525,2018
8526,2009
8527,1999
8528,1974
8529,2013
8530,2016
8531,2017
8532,2002
8533,2009
8534,2016
8535,2017
8536,1996
8537,2016
8538,2015
8539,2016
8540,2010
8541,2002
8542,1963
8543,2009
8544,2011
8545,2017
8546,2009
8547,2016
8548,2013
8549,2015
8550,2017
8551,2015
8552,2007
8553,2014
8554,2007
8555,1998
8556,2006
8557,2017
8558,2005
8559,2015
8560,2018
8561,2010
8562,2016
8563,2016
8564,2017
8565,1999
8566,2018
8567,2017
8568,2009
8569,2016
8570,1985
8571,2016
8572,2017
8573,1988
8574,2016
8575,2014
8576,2015
8577,2017
8578,2015
8579,2015
8580,2017
8581,2017
8582,2011
8583,2010
8584,2010
8585,2016
8586,2010
8587,2017
8588,1947
8589,2017
8590,2016
8591,2017
8592,2013
8593,2009
8594,2014
8595,2014
8596,2018
8597,2014
8598,2016
8599,1995
8600,2015
8601,2018
8602,2017
8603,2001
8604,1997
8605,2018
8606,2018
8607,2016
8608,2001
8609,2016
8610,2016
8611,2015
8612,2007
8613,2007
8614,2016
8615,1996
8616,2008
8617,2014
8618,2014
8619,2016
8620,2017
8621,2015
8622,1990
8623,1995
8624,2001
8625,2004
8626,2015
8627,2018
8628,2016
8629,1985
8630,1995
8631,2014
8632,2019
8633,2017
8634,2017
8635,2017
8636,1969
8637,2017
8638,2015
8639,2010
8640,2012
8641,1944
8642,2013
8643,2014
8644,2010
8645,1990
8646,2018
8647,2018
8648,2015
8649,2018
8650,2016
8651,2015
8652,2008
8653,2013
8654,2015
8655,2016
8656,2006
8657,2017
8658,2017
8659,2013
8660,2016
8661,1943
8662,2012
8663,2017
8664,2011
8665,2009
8666,2017
8667,2018
8668,2016
8669,2005
8670,1995
8671,2008
8672,2016
8673,2018
8674,2016
8675,2017
8676,2015
8677,2018
8678,2016
8679,2016
8680,2013
8681,2017
8682,2014
8683,2004
8684,2018
8685,2016
8686,2018
8687,2013
8688,2016
8689,2015
8690,2005
8691,2017
8692,2016
8693,2017
8694,2017
8695,2007
8696,2013
8697,2011
8698,2016
8699,2014
8700,2015
8701,2014
8702,2017
8703,2018
8704,2015
8705,2018
8706,2016
8707,2018
8708,2017
8709,2015
8710,1983
8711,2012
8712,2016
8713,2016
8714,2015
8715,2016
8716,2014
8717,2017
8718,1967
8719,2019
8720,2017
8721,2016
8722,2012
8723,2000
8724,2017
8725,2018
8726,2002
8727,2017
8728,2013
8729,2016
8730,2000
8731,2017
8732,2015
8733,2018
8734,2016
8735,2017
8736,1967
8737,2011
8738,2016
8739,2016
8740,1943
8741,2015
8742,2013
8743,1999
8744,2018
8745,2017
8746,1971
8747,2017
8748,2016
8749,1981
8750,2014
8751,2010
8752,2014
8753,2019
8754,2017
8755,2016
8756,2010
8757,2019
8758,2006
8759,2017
8760,2015
8761,2013
8762,2015
8763,2016
8764,1943
8765,1994
8766,2017
8767,2002
8768,2005
8769,2001
8770,2008
8771,2001
8772,2011
8773,2013
8774,2006
8775,2018
8776,2018
8777,2014
8778,2010
8779,2012
8780,2015
8781,2015
8782,2016
8783,2016
8784,2016
8785,2015
8786,2016
8787,2017
8788,2017
8789,2015
8790,2009
8791,2008
8792,2011
8793,1973
8794,2005
8795,2016
8796,2015
8797,2016
8798,2016
8799,2014
8800,2009
8801,2012
8802,2015
8803,2007
8804,2018
8805,2009
8806,2006
8807,2015
